problem,features,degree,n_terms,train_mse,val_mse,train_rmse,val_rmse,train_r2,val_r2,train_mae,val_mae
var1,3feat,1,4,10.646669,11.691519,3.262923,3.419286,0.042216,-0.005036,2.515288,2.629734
var1,3feat,2,10,9.005477,10.232363,3.000913,3.198807,0.189859,0.120398,2.374633,2.60488
var1,3feat,3,20,8.73024,10.087348,2.954698,3.176059,0.21462,0.132863,2.341573,2.607828
var1,3feat,4,35,8.430348,9.945339,2.903506,3.153623,0.241599,0.145071,2.28674,2.57147
var1,3feat,5,56,8.130887,9.834306,2.851471,3.13597,0.268538,0.154616,2.236751,2.531077
var1,3feat,6,84,7.854369,10.409051,2.802565,3.226306,0.293414,0.105209,2.202017,2.55943
var1,3feat,7,120,7.31958,11.801139,2.705472,3.435279,0.341524,-0.014459,2.107935,2.688837
var1,3feat,8,165,6.885615,12.707172,2.624046,3.564712,0.380564,-0.092344,2.037226,2.761433
var1,3feat,9,220,6.275356,21.3576,2.505066,4.621428,0.435463,-0.835959,1.877116,3.215011
var1,3feat,10,286,5.785846,24.191716,2.405378,4.918508,0.4795,-1.079587,1.752693,3.485262
var1,6feat,1,7,9.664267,10.901014,3.10874,3.301668,0.130594,0.062919,2.415255,2.51512
var1,6feat,2,28,3.154708,3.459714,1.77615,1.860031,0.7162,0.702593,1.345655,1.393254
var1,6feat,3,84,0.848841,1.116564,0.921325,1.056676,0.923638,0.904017,0.722464,0.838203
var1,6feat,4,210,0.379329,0.835185,0.615897,0.913885,0.965875,0.928205,0.48035,0.721206
var1,6feat,5,462,0.108105,1.213365,0.328794,1.101528,0.990275,0.895696,0.252703,0.818268
var1,6feat,6,924,0.0,64941189.704881,0.0,8058.609663,1.0,-5582524.304475,0.0,3962.434205
var1,6feat,7,1716,0.0,1410063.162088,0.0,1187.460804,1.0,-121211.95158,0.0,705.007112
var1,6feat,8,3003,0.0,593850.938261,0.0,770.617245,1.0,-51048.078482,0.0,455.406921
var1,6feat,9,5005,0.0,337138.602834,0.0,580.636377,1.0,-28980.372069,0.0,294.403199
var1,6feat,10,8008,0.0,248264.26393,0.0,498.261241,1.0,-21340.486688,0.0,239.527792
var2,1feat_x1,1,2,49.82547,50.127081,7.058716,7.080048,0.000922,-0.00311,4.734267,4.63612
var2,1feat_x1,2,3,45.686064,47.403438,6.759147,6.885015,0.083924,0.051394,4.344019,4.363983
var2,1feat_x1,3,4,45.455804,47.325912,6.742092,6.879383,0.088541,0.052945,4.357587,4.363706
var2,1feat_x1,4,5,45.094779,46.855457,6.715265,6.845105,0.09578,0.062359,4.301695,4.270068
var2,1feat_x1,5,6,44.893875,46.472632,6.700289,6.817084,0.099808,0.07002,4.276153,4.249887
var2,1feat_x1,6,7,44.882318,46.291948,6.699427,6.803819,0.10004,0.073636,4.280642,4.2529
var2,1feat_x1,7,8,44.876582,46.335344,6.698999,6.807007,0.100155,0.072768,4.283398,4.265605
var2,1feat_x1,8,9,44.836839,46.375604,6.696032,6.809964,0.100952,0.071962,4.287224,4.265187
var2,1feat_x1,9,10,44.83589,46.39011,6.695961,6.811029,0.100971,0.071672,4.286196,4.268082
var2,1feat_x1,10,11,44.791412,46.230937,6.692639,6.799334,0.101863,0.074857,4.286332,4.272551
var2,3feat,1,4,35.260232,38.662476,5.938033,6.217916,0.292978,0.226312,4.343157,4.282305
var2,3feat,2,10,22.386656,25.218583,4.731454,5.021811,0.551113,0.495342,3.545405,3.715091
var2,3feat,3,20,10.176556,11.545474,3.190072,3.397863,0.795944,0.76896,2.30932,2.334471
var2,3feat,4,35,3.235263,3.484721,1.798684,1.866741,0.935128,0.930266,1.350451,1.387563
var2,3feat,5,56,1.168703,1.282177,1.081066,1.132333,0.976566,0.974342,0.806814,0.843152
var2,3feat,6,84,0.397416,0.633263,0.63041,0.795778,0.992031,0.987328,0.492134,0.632699
var2,3feat,7,120,0.212349,0.412277,0.460813,0.642088,0.995742,0.99175,0.36853,0.51593
var2,3feat,8,165,0.15759,0.324143,0.396977,0.569336,0.99684,0.993513,0.312997,0.451763
var2,3feat,9,220,0.13786,0.388208,0.371296,0.623064,0.997236,0.992231,0.295652,0.499637
var2,3feat,10,286,0.122005,0.415699,0.349292,0.644747,0.997554,0.991681,0.273521,0.513043
