features,num_features,degree,terms,train_mse_avg,val_mse_avg,train_r2_avg,val_r2_avg,val_mse_std
x1,1,1,2,49.859354,50.245672,0.000647,-0.018185,12.26448
x1,1,2,3,45.995579,46.388195,0.078045,0.057148,10.873613
x1,1,3,4,45.788329,46.349859,0.082197,0.057587,10.905307
x1,1,4,5,45.39832,46.073044,0.09001,0.062594,10.938035
x1,1,5,6,45.157449,45.925162,0.094841,0.065655,11.009204
x1,1,6,7,45.082375,45.931613,0.09635,0.065907,11.050987
x1,1,7,8,45.080879,45.959303,0.096381,0.065386,11.060218
x1,1,8,9,45.053187,45.955256,0.096937,0.065588,11.097068
x1,1,9,10,45.049516,46.01707,0.097012,0.064446,11.114436
x1,1,10,11,44.982152,45.948567,0.098368,0.066255,11.180219
x2,1,1,2,37.320877,37.665503,0.251731,0.222072,6.580569
x2,1,2,3,36.398791,36.826632,0.270245,0.241326,6.491491
x2,1,3,4,35.140365,35.582303,0.295464,0.266096,6.020327
x2,1,4,5,35.132408,35.649281,0.295623,0.26448,5.981111
x2,1,5,6,35.114877,35.705271,0.295975,0.263284,5.992291
x2,1,6,7,35.037629,35.6511,0.29752,0.264189,5.936958
x2,1,7,8,35.002508,35.826739,0.298228,0.260881,6.088482
x2,1,8,9,34.993654,35.886964,0.298405,0.259637,6.107194
x2,1,9,10,34.974102,35.954571,0.298794,0.257786,6.002571
x2,1,10,11,34.935741,36.049503,0.299568,0.256254,6.103676
x3,1,1,2,48.17768,48.404577,0.03435,0.018944,11.930851
x3,1,2,3,48.170033,48.478474,0.034507,0.017647,12.011621
x3,1,3,4,47.176339,47.534974,0.054419,0.036204,11.800593
x3,1,4,5,47.151393,47.555655,0.054919,0.035677,11.78718
x3,1,5,6,47.019493,47.468617,0.057564,0.037385,11.755614
x3,1,6,7,46.993386,47.537928,0.058087,0.035972,11.736306
x3,1,7,8,46.812467,47.419988,0.061717,0.038816,11.781557
x3,1,8,9,46.780788,47.483129,0.062349,0.037121,11.712381
x3,1,9,10,46.691676,47.476019,0.064133,0.036819,11.672982
x3,1,10,11,46.674072,47.561872,0.064485,0.035025,11.653982
x1_x2,2,1,3,37.263135,37.792898,0.252889,0.219226,6.629758
x1_x2,2,2,6,25.687169,26.207653,0.48498,0.457726,4.932211
x1_x2,2,3,10,20.424874,20.992254,0.590472,0.564655,3.36498
x1_x2,2,4,15,19.306933,20.010489,0.612884,0.584115,3.079333
x1_x2,2,5,21,18.610161,19.524989,0.626861,0.594375,3.044696
x1_x2,2,6,28,18.281999,19.439767,0.633447,0.596589,2.943082
x1_x2,2,7,36,18.124247,19.605529,0.636615,0.593928,3.071397
x1_x2,2,8,45,17.845198,19.568174,0.642209,0.594676,3.076655
x1_x2,2,9,55,17.62188,19.84173,0.646678,0.588811,3.09765
x1_x2,2,10,66,17.295634,19.891455,0.65322,0.587518,3.164566
x1_x3,2,1,3,48.138899,48.622617,0.035131,0.014086,11.945867
x1_x3,2,2,6,44.115386,44.921655,0.11573,0.085589,10.586676
x1_x3,2,3,10,41.58001,43.025992,0.166544,0.123766,9.881779
x1_x3,2,4,15,37.007306,38.849113,0.258166,0.205515,8.846403
x1_x3,2,5,21,36.303035,38.735576,0.272265,0.205372,8.524177
x1_x3,2,6,28,35.640752,38.705515,0.285535,0.205944,8.5607
x1_x3,2,7,36,35.39291,39.066402,0.290504,0.198901,8.856925
x1_x3,2,8,45,35.077945,39.484625,0.296805,0.188413,8.5492
x1_x3,2,9,55,34.714629,39.959773,0.3041,0.178826,8.53791
x1_x3,2,10,66,34.422824,40.660669,0.309962,0.164502,8.900291
x2_x3,2,1,3,35.923105,36.340123,0.279734,0.247467,6.271656
x2_x3,2,2,6,33.850165,34.538796,0.321282,0.284179,5.305689
x2_x3,2,3,10,25.831971,26.659579,0.481925,0.439195,4.102213
x2_x3,2,4,15,24.980593,26.127909,0.498976,0.448615,4.639733
x2_x3,2,5,21,24.723416,26.264859,0.504137,0.445876,4.707192
x2_x3,2,6,28,24.567595,26.4453,0.507258,0.442146,4.73159
x2_x3,2,7,36,24.240511,26.631101,0.513821,0.438413,4.724612
x2_x3,2,8,45,24.073963,26.949233,0.517162,0.431987,4.760828
x2_x3,2,9,55,23.868477,27.231941,0.521276,0.425341,4.64607
x2_x3,2,10,66,23.739786,27.671015,0.523853,0.416116,4.688044
x1_x2_x3,3,1,4,35.856514,36.450347,0.28107,0.24499,6.340621
x1_x2_x3,3,2,10,22.822302,23.671626,0.542356,0.504156,3.915105
x1_x2_x3,3,3,20,10.340165,11.227824,0.792626,0.763568,1.693778
x1_x2_x3,3,4,35,3.222779,3.648259,0.935345,0.920655,0.718719
x1_x2_x3,3,5,56,1.150132,1.414395,0.976923,0.969082,0.302521
x1_x2_x3,3,6,84,0.423964,0.572743,0.991495,0.987669,0.068778
x1_x2_x3,3,7,120,0.232916,0.335984,0.995327,0.992719,0.045353
x1_x2_x3,3,8,165,0.171747,0.272941,0.996554,0.994099,0.02654
x1_x2_x3,3,9,220,0.155838,0.297039,0.996874,0.993656,0.028398
x1_x2_x3,3,10,286,0.138812,0.400794,0.997215,0.991702,0.195651
