x1,x2,x3,x4,x5,x6,y
-1,-0.262063522,-0.282032023,-0.247643196,1,1,5.796557640453257
-0.507239642,-0.360604229,-0.442445968,-0.001614217,-1,-1,0.039417948
0.3100262226823163,-0.344684799,-0.005105141,0.9693733932720162,1,0.7639601504974298,1.0385465314290645
0.364187969,1,0.29692807246869735,1,1,-0.662885347,-0.477593612
-0.272981306,-0.513637279,-1,0.38075808704971026,0.084628804,-0.759344397,1.101168900373492
0.8687359589982377,0.4779135625834914,0.9488680943762731,1,0.7671956417672238,1,-5.064049936
-0.211401769,0.24488411849756342,-1,-0.075897912,-0.843501256,-0.082206516,-1.618030646
-1,1,-0.030036511,0.021726272871977925,-0.532111103,0.555659277,-0.737219945
-1,-1,-1,-1,-1,-0.502692654,-0.093338919
-0.062902257,-0.927795909,-0.837750368,-0.413073164,-0.395290801,0.7811551681240172,0.078483931
-0.333314446,-0.07352785,-0.243996752,-0.824645141,-0.330016076,0.10129752542573811,-0.459251822
-0.208085244,0.5292440758033272,-1,-1,0.5194596979525892,0.15837830302920697,0.7165169798451209
0.6154375270202685,0.7525556282533049,0.7385484858701843,0.8070151546775536,-1,0.31994018673045643,1.4552026500378241
-1,-1,-0.397508368,-0.197209832,-0.790080819,-1,1.3452428161811214
-0.96229094,-0.041905768,0.4322944524130394,-0.477515737,-1,-0.299638512,-2.081506408
-0.105479227,-1,-1,-1,-0.742709475,-0.045769044,0.28303199723180583
-0.112507035,-0.198456598,1,-0.204244725,-1,0.3719953715873503,-2.481239208
1,0.7095467449271722,-0.492186021,-0.143165815,0.4542410586069108,0.6080405569490084,0.9963033629811977
0.11049879093054527,-1,-0.665360677,-0.33599274,-0.196438378,1,1.5931409454000263
0.3117134272092478,-0.254181164,1,-0.708666307,1,1,-3.541125725
0.8183398932321637,-1,-0.158070962,-0.291431696,1,-0.16347582,-2.036957049
-0.345072504,-0.638443521,-0.704584731,-1,-0.76775097,-1,4.300096798351815
0.5453856448788447,0.12374520908008146,0.4434495086365342,0.8434098972578644,1,0.4731288102629865,-0.379191619
-0.050113665,-0.388877158,-0.236132774,-0.072855884,-0.342823264,-1,2.901778382980178
-0.277330398,0.14584573914833432,-0.071140153,-0.003846421,0.22875203408970035,0.49475545994830894,0.16532881700787416
0.091635677,-0.139331231,-1,-0.14178454,-0.158960664,0.6906119089288023,3.143639694162064
0.7830107718350556,0.037476379397158366,1,0.3496311751628649,0.4934581027460928,0.21206338018897486,-1.144717254
-1,0.8222046672015261,-0.688249175,0.5928819971769088,0.066822668,-0.957748692,4.684458897369406
0.3852071757691086,1,-1,-1,0.20398439323373552,1,9.320026212629804
-1,-0.56969686,-1,-1,-0.141548885,0.9259060527860908,1.997110491933436
0.429620583,0.9692026938429912,1,1,1,0.5713557256009675,-7.645338521
1,1,0.31236832288204486,0.9053831451543315,-1,-0.858002282,9.243848113027248
0.4742130799879702,-0.419204949,-1,0.004129847,-1,-0.252654199,1.1264576552735936
-0.527240411,0.4361464342467518,1,-0.070217069,1,-1,1.4297925692059152
-0.214669059,0.5322113488677351,-0.5893361,1,-0.497337659,0.5127439162051137,1.411815048942508
1,1,1,0.10193840437612978,0.5755294837665104,-1,-1.339284196
0.6305687971496161,1,1,1,1,-0.94067187,-5.517509897
-0.44931067,0.5112995370748937,-0.480354319,-0.425372786,-0.076787833,-1,1.7031376225244141
-0.548574951,0.6814423075126936,-0.378544135,-0.020695646,0.8344054430193284,1,6.974838681867368
-1,-0.905893714,-1,0.007186975,-0.690553506,-1,1.4867802376274328
0.9067906878689205,1,-1,0.8443473868598415,-0.717234022,-1,7.763532155522177
0.059767654,0.3377358056598605,0.5109188326111294,0.7024078221939283,-0.385964766,0.6667262564487713,0.6680506425576702
1,0.11025628317028424,-0.38491913,1,0.40605227254718146,0.066615938,-1.244630658
-1,-0.770165081,-0.590799213,0.012809468580223249,-0.423866943,-0.985849134,2.689852371040293
1,0.12921054966336198,0.5034075409501966,0.4006155576425747,-0.224963487,0.2715869796548622,0.278696237
0.13583654100213105,0.026065170719340745,1,-0.220952642,-0.781338727,-0.828937851,0.1509084159182954
-0.658038708,-0.828409559,-1,-1,-0.295939617,-0.524538447,-1.798182054
-0.559515562,-0.45695818,-1,-1,0.325246161,0.298395085,-0.731503271
0.5698549731136284,0.003218054,0.034972989,0.25293418611829943,-0.291735499,-1,4.068378216119948
-0.007172549,-1,-1,-1,-0.911504905,1,6.558537339706968
-0.590226924,-0.784452375,0.043727287,0.033250748,-0.947716024,-1,1.7556016351614359
-1,-0.587880153,-0.243819977,-0.37494203,0.090048531,-0.525079115,1.1267753077242282
-1,-0.072762339,-0.149345913,0.28762311312021094,1,-0.323193163,3.051727988096912
0.08247888,1,0.8241641477773847,0.053611287,0.865621096,1,-0.255130168
1,1,0.022251647,0.40061027846729047,1,0.044628382,-2.027429593
-1,-0.144425743,-0.276343729,-0.977377181,1,0.003241941,3.8102235378630294
1,0.1805070800332984,1,1,0.5145974521517173,1,-4.974634478
-0.816413189,-0.17493793,-0.994733213,-1,0.3091048885999126,0.038974906,-1.736007279
-0.804732209,-0.750963871,-0.35074988,-1,0.189265639,1,-0.914118637
1,-0.276484705,-0.445808788,0.41167154748254575,1,1,0.8313283536965482
-0.519716398,0.9277292633797509,-0.722143365,0.18762243463049932,0.40541231591893906,0.8882543132098409,6.611823992385084
1,0.11059538997300455,0.9370499276598274,0.40645251010222805,1,-0.331214801,-3.173849204
0.7390066088868081,1,1,1,-1,-0.192952854,1.8809309466983133
-0.313788203,-1,-0.240034239,0.23248422878190245,-0.881098622,-1,1.6861545653725731
-1,-0.909280367,-0.049049375,-1,-0.292789003,0.7734219208982226,-2.840819932
0.11367207336676982,1,1,-1,-0.221197976,-0.567314978,-5.184232327
-0.611013994,-0.691593395,-0.124306556,0.001859168,-0.602153165,-0.648275527,-0.050827707
1,-0.045379335,1,0.8812135382309911,0.7329589122852278,-0.341309943,-2.609586374
-1,1,-0.965269081,-0.373469878,0.2815543245257486,0.035530161,4.271841372659493
0.15509829149487192,-1,-0.385891516,-1,-1,0.31865578805160333,5.422260984016921
-0.168571115,0.082212878,0.21588191809727464,1,1,1,5.231076566587584
0.9428190335732366,-0.919219549,-0.571727915,-0.193002485,0.5128467588358416,0.042484518768099555,-3.111558262
-1,-1,-0.914313559,-0.602763594,0.5738893287985007,0.834499013,-1.286911727
1,-0.610221442,1,-0.566231656,1,1,-8.602421039
-1,-0.51727058,0.8876832724953205,0.48740165447155515,-1,-0.222889858,-2.437571818
0.23853612282574468,-1,-0.894022934,-0.567990354,1,0.9548600529838305,-1.179361534
-0.38211393,1,0.1781418985156471,-0.346241316,0.6682533315803815,-0.742561966,0.618411479
-0.181563248,-0.652480119,-0.230605363,0.5518170498824388,-0.048603602,-0.912873797,2.114493679948921
-0.644783241,-0.594581856,0.34409216350707744,-0.844067287,1,0.4778100792427362,2.8308224650796934
-0.743342379,-1,-1,-0.820710064,-0.354870808,-0.087402267,-3.837041155
-0.542548376,-0.695980501,0.097537262,0.22730333524970203,-0.653955174,0.23736135370728473,-0.531203287
-1,-1,-1,-1,1,0.4981557705531323,-6.975011885
1,0.1321880471688739,0.328085695,1,0.32549131144795207,0.10562553639544792,-0.585195927
0.5465106784578815,0.094031086,1,0.012881666620734533,-0.659072464,-1,3.420004214705477
-1,-1,-1,0.41748521792511073,0.5480198169660766,1,3.744553491391104
-0.071597337,-0.373956566,-0.656393631,0.6998952039534323,1,0.9984699070058296,6.147207732300459
0.28079497541077236,1,1,1,0.7037394990236805,0.7272975916600841,-5.345542426
-0.479251762,-1,-0.628209036,-1,-0.620307753,1,2.3779108845733754
-0.548826401,-0.341071811,-0.617235261,-0.302106851,-0.301779133,-0.194496122,-1.430685979
0.45399172321639547,0.8771618072725857,0.2792813251559274,1,1,0.8433173099768878,-0.115301163
-0.407248968,-1,-1,-0.10532348,1,1,3.7597063926721392
-0.638006931,-1,-0.281906208,-0.771568734,1,1,2.124094425324609
0.41091131062769626,-1,-0.692689767,1,0.12493639124754807,-1,-0.140709754
-1,-0.735217779,-1,-1,0.5115219028539817,1,1.4331852964445266
1,-0.532833872,-0.361848667,0.6086255597778942,0.7378571644177205,0.8847934393939301,-0.984172113
-1,-1,0.21497058043563866,-0.834556904,-0.353682395,-0.62149726,2.250127709733497
-0.336714451,0.3642069193390626,0.7936386060300604,-0.04512152,-0.309473922,-0.008209308,-0.73407372
-0.699873801,-0.024445547,1,-0.117513907,1,1,-0.592084512
-0.367257772,-0.179523865,-0.437021651,-1,0.9692365510330868,0.6831793591755725,4.082045087
-0.425783075,-0.128492844,0.023875334,0.5879963447447991,0.0279004,1,1.9195073095833188
-0.664102327,-1,-0.621063359,-0.942142055,0.072513784,-0.889253202,2.289126487968302
-0.515808931,-0.033058132,-0.679188909,-0.800814779,-0.09406785,-1,2.9663189159890373
-1,0.036807725,1,-0.830997757,-0.029284635,0.6042006511250477,-2.89012436
-0.495049939,1,1,1,0.29102199096614445,-0.051167497,-5.249943581
0.881102182,-0.657754923,-0.371927112,0.5640656690631272,-0.396084821,-0.598091526,1.8618209704615127
1,1,0.10330637824397026,0.015891857587474245,0.6318687591393257,1,2.102835387975416
-0.06367511,-0.281126437,0.053457981,-0.790150711,-1,-0.27002071,2.016207051737045
0.4210823533318393,0.66080831,-0.194657294,0.6397267143550831,0.9672774145220654,1,4.048506999439056
1,0.8349571492835401,1,-0.290212587,-0.949757657,0.7728810309436622,1.631598261475282
0.7675525062429825,0.4677755606086147,1,0.6207210258663048,0.12460371590987732,-0.166050631,-0.83730036
0.1414200956286041,0.2085326507301668,1,-0.090006015,0.41819662689438697,-1,0.2364472658824961
0.3748458627190492,1,1,1,0.5895737241079352,0.15095685416628746,-5.427166665
0.5084346522402127,-1,-0.040262787,-1,-0.123397825,-1,8.660638305390767
-0.698646037,0.4340085305592955,0.14742605542435416,-0.836561457,0.772133182,0.9394787117484927,4.836610216879608
-0.021213664,-0.607470308,-1,-1,-0.76133055,-1,4.2356719761974855
0.18908468262436762,1,-0.230326998,-0.431934166,-1,-0.955739876,1.1059210667242525
1,-0.081209083,0.2929253832488198,1,0.22052722040662887,0.41838559337886894,0.5245871290993406
1,0.3890584002914399,1,-0.14594984,-1,1,3.5031184181531962
1,1,-0.556794727,-0.133907393,-0.665018447,-0.01019927,3.4666605553133825
1,0.015893150335720252,0.8893142142976684,0.2584441120994425,-1,-0.105339904,4.5271795979641505
1,-0.901395714,-0.680087681,-0.310881119,-0.547417752,-1,4.527572945812436
-0.145032111,0.8504615112531313,0.6275487367893828,0.4138373075160655,0.11407980784288596,-0.577050971,-0.4011999
-1,-0.137410871,-0.204520165,-0.776763347,-0.692778878,0.6230600613044381,-0.792727529
-0.3470091,-1,-1,-0.41228804,-0.088479478,-1,2.9807028543093157
-0.208947411,0.5100975059248097,-0.222618926,1,-0.334373804,-1,3.0861714040339177
0.20593926510779453,-1,-0.713048957,0.3438726665155492,-0.395570743,-0.371218989,-1.001570199
-1,-1,-1,-0.009094298,0.25532233774021673,1,2.2529866927462785
-0.836019302,0.11003121840755692,-1,-1,-0.063568004,0.38967477891566427,0.045830961
0.5894341509057188,1,0.235825924,0.20224709417970033,-1,0.002659805,2.297751056649692
1,0.26558848866821294,0.5420421475373083,0.22759005504977942,0.5972401479270742,0.12150728301610803,-2.296659629
1,1,1,1,-1,0.5366239346965814,2.8052660979684574
-0.73654731,-0.343438825,0.6206221039381481,-0.919642939,-0.301175954,-0.764897346,1.2253567778941026
-0.247809881,-0.050434197,-0.663393618,-0.124103108,-0.702392111,0.3372462540300859,-0.45009727
-0.009585593,-1,0.5588671188916361,0.3045233931932176,-1,-0.591416423,4.210090637461111
1,0.8166904290477142,-0.070998392,-1,0.10469253051275629,-0.532317578,0.005265668
0.9384331283752169,0.1328842454012547,0.069508156,-0.620037855,-1,-0.99642012,5.4765459634488325
-0.810108945,-1,0.097696566,0.5588900695272404,1,0.3461381914277162,1.6312443956739258
-0.488320324,-1,-0.191974362,-1,-0.260544189,0.5878425112419365,-1.674144063
0.6224032973376551,0.7128165764919161,0.9431821311124917,1,0.7445628149290384,0.13438053786703386,-4.292621837
0.495722999,-0.356674084,1,0.9379923916736974,0.3996807702300926,0.2963597188993557,-3.243958919
-0.911144077,0.067963888,-0.437947695,-0.313428497,1,1,7.997391646910988
0.2521424590044231,-0.547462066,0.1314413848018764,0.26955972564038355,0.16877601761521133,-0.282498491,0.017770989346409916
-0.364799943,-0.131302212,-0.659443858,0.7622567327387616,-1,-0.099775414,-1.416877412
-0.926442515,-1,-1,-1,0.08132824,-1,2.470097927747769
0.39721892881820364,1,0.4388286435500499,-0.293515907,0.27068032900764194,0.5484001287704521,0.7190651127999378
-1,-0.721135157,-0.640645861,-1,-1,-0.563098104,1.8001724901410276
0.41793759205168435,1,1,0.24168053642487308,0.16354403234726284,1,-2.95571147
-0.325627009,0.23285180996749977,-1,-0.686779527,-0.482274122,-0.389445194,-1.339471166
0.12453683092931661,0.5039606888029111,0.7989198452035311,0.26886873353838314,0.090048491,0.6622687470252306,-0.985448626
-1,-0.892545764,-0.073549208,-0.300788522,-0.670372874,-0.545889585,1.6401119066066987
1,1,0.18238094226664292,1,1,0.4945582466209735,-3.479932148
-0.638320395,1,0.8839425954144842,0.7342916710950228,0.45704217047301293,-0.292834956,-3.121264857
1,0.8161908136750524,0.22517230838070718,0.8996578863237745,-1,-0.874131425,8.986271276
-0.992681576,-0.667764516,0.079508435,-1,-1,-0.572485925,3.4742870412044824
-1,-0.047145657,-1,-0.418532564,1,0.20162373240292358,-0.668608567
-0.668405771,-1,-1,0.8688722735057905,-1,-1,-2.347599031
-1,-1,-0.144342502,-0.631617597,0.24682280373572885,-0.24435968,0.006547224
0.9710629843093941,1,1,0.9310839653682821,-0.581606954,-0.548556757,3.3942287527530546
0.032476016,-0.191200445,-1,-0.359367564,-1,-1,1.2289282845922915
0.7387907746641229,0.9714289129512068,1,0.3058621619221509,1,0.7469914735165836,-4.953868267
-1,-0.712667998,-1,0.17854002977570993,1,1,6.2670134510147495
0.7314075709615133,1,0.639262228,0.8995085151700195,-0.338771488,-1,5.318379187517158
-0.196613016,-1,-1,-0.296853705,-0.053300184,-0.044995773,-2.39096837
-1,-1,-0.916717015,-1,-0.178518229,0.5171461597854021,-5.970802185
-1,0.009892404,-0.090202321,-0.224390596,1,0.932067353,4.741803742218436
-1,-0.872760026,-1,0.39287045405647086,0.5486416958301712,0.41551962913334145,-1.646481245
-1,0.6471522461918442,-0.793717124,0.12567354860059726,1,1,11.024395512711122
1,1,1,0.7871284017415496,-0.899232937,-1,6.928481864
-1,-1,-1,-1,-0.366100101,0.26605022864305794,-6.92532803
-0.405035139,0.4481131239554202,-0.624786345,0.4919857961054333,0.8522348059705391,1,7.130558750625311
-0.170594485,-0.573736577,-0.198751527,-1,0.9550667376286117,-0.802149847,5.161426142598386
-1,-0.08011101,-1,-1,-0.565835617,-0.462669458,-2.052725525
-0.565048703,-0.235323037,-0.830445274,0.087696057,0.34396496793829745,1,6.537444456338882
-1,-1,-1,-1,-0.700170444,-0.570118955,-1.551161231
-1,-0.201828075,-0.381384538,-1,1,0.39535502917442344,5.061256798
-0.314819397,-0.862545444,0.422011262,-0.539121998,0.3579141279683543,-0.248591958,1.546799989482638
-0.090594474,-0.019432395,0.037848577,1,0.04967448,0.47816119732722884,1.287439608840777
-0.577787258,0.013235040484005256,0.6474011491939284,1,-0.119933593,-0.731206937,1.5173019678577186
-0.425735843,-0.492287234,-0.135206142,-1,0.5032227521834279,1,2.089378007380337
1,1,-0.441572247,-0.491959941,1,0.4191547650886317,-1.457988859
1,1,1,0.6526727880393566,-0.476548513,0.054301939,0.43002685442139654
0.23580447501504942,0.21005584323532686,1,0.016013861870874058,0.049649047089464604,0.005970684,-0.46516005
-0.920997768,-1,1,-1,0.3715771651378802,-0.915201926,7.044819259435247
0.34406509742433966,-0.428733077,0.08928651,1,-0.344913716,-1,4.568875922374686
0.7640504893067371,-0.330647739,0.6591790605331564,0.1483630728157519,-1,-0.995546019,8.043117423
0.2776305118752067,0.7718685268036928,1,0.8479242862840557,0.30524175324443975,0.5968639243514583,-3.938675799
-0.182823369,-0.038428455,-1,-0.756749808,-0.868038224,-0.814873095,-0.166500598
-0.178369973,0.3065567900664487,0.38740291489272827,-0.819354715,0.051153601,0.030603437695163382,-0.192243013
1,1,0.9961967743069501,-0.016501217,-0.774129399,-0.953894014,2.301018327710232
0.4994767691429709,1,1,1,0.004611392,0.24787745964786606,-3.881475146
-0.050652943,1,-0.464819768,-0.279784427,-0.646867797,-0.195341636,1.0509140059973174
0.24958171663825124,0.091832878,1,1,0.5452607933358531,-0.813807358,-0.760724352
-0.00877759,0.11201680482408644,1,0.3571376054713541,-0.894083476,-0.394121231,-0.446173076
0.6879118625191263,1,0.37899041496209385,1,-1,-1,8.931057269153857
1,0.24853875779139512,-1,-0.085879322,-0.44023841,1,6.7536279026233625
-0.239228048,0.6582570010262061,0.4830534995169249,-0.790472255,0.49918542149871087,0.4527348135209634,0.5129944549027353
1,1,1,1,-0.833866906,-1,7.814300314231972
1,0.9606200520539718,1,0.8086020445190742,-0.022185227,-0.527819418,0.089168187
0.6276403183208649,1,1,0.02240832,-0.490549234,1,-1.16015051
0.11969060196453463,-0.122167378,-1,-0.525378827,-1,-0.933949229,1.4027815028590296
1,0.6261473948428298,1,0.41861333123275757,-0.820486439,-0.528520668,4.465127265
1,0.10678184517208578,0.8429469497201135,-0.009557063,-0.388878551,-0.602099908,3.797196033936999
0.029888667,0.8584396234635983,1,1,0.2290009740725605,-1,-0.781018638
-0.571431957,-0.782346613,-0.569288083,0.6657650323506873,0.011129757407860263,-0.335572425,-1.797605717
-0.898014384,-0.894878973,-0.595893528,-0.409631588,-0.527474831,-0.342907737,-1.635643024
-1,0.7350795050819978,0.3177972084623894,-1,0.2592739674828808,-0.246061534,-0.994001476
0.5997692347170639,-0.171572026,0.6316612350223236,-1,1,-0.385502555,0.7525164532922946
-1,-1,-1,-1,1,0.4899706843836227,-6.660976967
1,1,0.12705249772666422,0.050293126,0.30053872232636736,0.20085562386150824,-1.788783756
0.385536189,0.893961441,-0.712263294,-0.758815884,1,1,9.080912013339145
0.14051065398732832,-0.733241797,1,0.990688498,0.7209227622227684,-0.582214299,0.11639806801063535
-1,-0.848492284,-1,-0.072615261,1,0.038667125,-3.508627075
1,1,1,0.7437760407537948,0.9091435642868874,0.086378646,-7.474250439
0.7708332829001314,1,0.2752928809756574,1,0.3174617645191603,-0.090943387,-0.568842346
-0.972462803,-1,0.6664627587042748,-0.618047847,0.12946489439112097,0.13862423462279205,0.6881156858717541
-0.154472485,-1,-0.890911574,-1,-0.456435316,-0.360947729,-0.736424626
0.19680128441347228,-0.385220516,-0.46160327,-1,0.3947987788847955,-1,2.7754631591047136
-0.354877643,-0.710328818,-0.364038747,-1,-1,-0.256932859,2.8113955270815385
-0.497317657,0.8278980656054075,1,-0.401942103,-0.892009177,0.29049411034815686,-3.105918668
-1,-1,-0.029521639,-1,1,-0.977152191,8.896140928466785
0.15527185335282057,1,-0.572366859,1,-0.343323179,1,4.977166457369108
-0.71960318,0.5216287253998926,1,-0.18277654,-1,0.34868535870080397,-3.128636263
-0.312586688,0.26558310893073367,-0.179516599,0.2417728291045076,-1,-0.36489862,-0.38984251
-0.147210328,-1,0.3734988701257219,-1,-1,-1,11.111304472687742
0.15250818039981784,0.065965082,0.019864826947121772,0.9895006023689729,-0.163117854,1,1.8669485838113915
0.8236965174158264,1,0.39203369836946034,0.019843598,-0.092968338,0.3746855517071045,-0.456792004
0.8051777492238672,1,0.35646342007095055,1,1,0.8136222206405332,-2.032853598
-0.335820791,-0.765999231,-0.199750382,0.502094911,0.8363043825446824,1,4.3880147707553645
-1,-1,-0.906914788,-1,1,-0.262229736,-5.717836016
-0.934585878,-0.889028407,0.40777562413298785,-0.020112883,-0.136238664,-1,4.457387762632637
-0.656557283,-1,1,-0.600400254,-1,-1,5.476378425859196
1,0.18797163817422602,-0.178125861,0.30891856117818023,-0.683116587,0.021473472880765065,0.1894937166692443
0.4099174177534062,0.017442903517541408,-1,0.4740330380647389,-0.976396802,-0.431552794,1.2136493996900766
-1,-1,-0.0186439,-1,0.1721219819264802,0.7050748776515419,-3.33822744
-0.62562761,-0.283154487,-1,-1,-0.267608022,0.3958973502606431,-0.6935279
-0.937349387,-0.172760425,-1,-0.617551401,0.9170758549468436,-0.227538043,-0.455614916
-1,-0.357967173,-1,-0.156770844,-0.186167936,0.086540177,-1.839921317
-0.54118709,0.001348128,0.40547420899338077,-0.429222269,-0.555204026,-0.14282463,0.066767173
-0.387387291,0.696842227,0.7071663214739825,0.097435561,-0.8743108,-1,0.19232352059497676
-0.093059101,-0.032741753,0.7192766427398591,-0.338739777,-0.954801865,-0.269492505,-0.588426498
1,0.2214081335864586,0.2674695445987003,0.063965588,0.8961529939498607,-0.001566461,-1.794242929
0.028557161938822517,0.44525494700239654,-1,-1,-1,-1,-0.170667941
-0.716699469,-0.161048214,-0.41161028,-1,-0.961240775,0.2247296044273872,0.28697454881173673
-1,-1,-0.67653691,-0.487689401,-0.132288607,-1,3.4876262119061114
-0.13612251,-1,-0.117503472,-0.165032729,0.8244689779376323,1,3.0359417432144347
0.6208766582622136,-0.697188116,0.313233002,0.4630015734246956,0.403987592,0.7633613459537428,0.451974111
0.14830724311264687,1,0.30590377538513436,0.6268527800234498,0.2904477724845159,0.8536463582112075,0.3909964442451213
-0.124010566,-0.823272839,-0.366375479,-0.71880897,-0.792437009,-1,4.3712085414314155
-0.141804425,-0.630760437,-0.019204744,-0.014876888,1,1,3.8063219505002044
-1,-1,-1,-0.577101088,0.8530824799328381,0.10146622941891265,-5.547520598
1,1,0.9659743692411622,0.12983228626710364,-0.246817286,-0.294712487,-0.492737857
-0.848104832,-0.999784878,0.34268143062890166,-0.729209086,-0.569663025,-1,5.885217240766317
0.48755886291501205,0.2604907606358242,1,0.009189227,-0.257803782,0.6278930537306313,0.1584186356796108
0.8467258850140454,0.879251317,0.047633233,0.21775684171194734,1,1,2.1921397122444635
1,0.25851927109455897,0.821888335,0.11605732759218412,-0.988515069,0.5008244114512758,3.632198582575503
-0.292182168,0.4651044778911514,0.831819881,-0.680398258,-0.788966037,-1,-0.765860524
1,-0.377959575,0.5283262898890616,-0.560561871,1,0.7178346075738209,-3.725225515
-1,-1,-1,-0.078318402,-1,-1,-0.328579476
0.012620126114257113,1,0.8198152500868459,0.7099446117400181,1,1,-0.573278281
0.9321453561930906,1,1,1,-0.274132224,-1,3.0053424699611138
0.9394690720746168,-1,0.7436543269380427,-0.949200573,0.1812291547768488,-1,9.635992412
-0.320683231,0.18072979128344496,-0.130046249,-1,0.5931814068436236,1,4.428994246512869
-0.385981035,1,0.33467975656283333,0.8312642172175067,0.091249853,-0.618379458,-1.114815874
-0.567387967,-1,-0.719329665,-0.454972962,0.4927935515387204,1,1.2513242188620282
-0.852542762,0.28202685055336996,0.4042078139185533,-1,0.31468760646457394,1,1.3630332754340113
-1,-1,0.15024784362225552,-1,1,0.4335417679439779,0.6511730827736004
-1,0.18092518134268498,-0.262192085,-0.340874884,0.9064387586800218,0.025460709513602353,2.367324902685877
0.68602517,-0.38874624,0.5632249109131532,0.3036959689968588,-0.571408554,-0.773518206,4.979485887690617
-1,-0.30222974,-0.718420272,0.8037748250824926,-0.126082958,0.3852264123995547,-0.326347106
0.1937365766256468,0.5703636310568367,-0.171656658,0.5212464558881549,-0.127962817,0.28810980644057166,0.6812227598888471
0.3617716572865664,-0.75680009,-1,-0.487133846,-0.74530213,-1,3.2078773690097844
0.5016958560604206,0.38177622584952076,0.2877088969851632,0.8591773034935833,0.04789962,0.38926838685953924,-0.015827561
1,-0.900266075,0.044492974,-0.898635387,-0.110524156,-0.409581386,4.079261717023457
0.3648360052585893,0.2266731450904207,0.5593270847376416,0.8552443835293938,0.3466448835382721,0.3915934974961533,-1.093474397
0.5530893210905037,0.5235736366759507,0.18076423785025014,1,-0.548087007,-1,6.543473018284251
-1,0.5444080349863523,0.9771838506580196,0.47493063075888114,-1,-0.519603698,-1.331711465
0.3400662117274733,-1,-0.106797669,-0.294787054,0.028041111515282352,1,1.6081251854174463
-1,-0.963100273,-1,-0.281924167,0.044194943,1,2.269761880410319
-1,0.29855559289722877,-1,-1,0.9831058188606221,1,9.834128049642988
-0.925011121,-0.365430489,-0.072260107,-0.890330466,0.45176734427689036,0.31075257318253313,1.1193458231016291
0.8553338658548302,-0.445015545,1,0.36950521658460855,-1,-1,7.262091451764815
0.5380693649661908,0.9808793146973707,1,1,-0.041980527,-0.481598633,-1.293772231
1,1,1,1,-1,-1,9.177069021221211
0.7117167890439642,1,1,1,-1,-0.553492311,4.164399751393977
-0.123073145,0.6279125574122268,0.9403359873795725,0.42253534442711355,-0.769175244,0.016337528,-2.050776114
0.033890315,-0.485862249,-0.5480993,-1,0.8708290724693444,-0.76836899,2.305413622025929
1,1,0.088337742,1,-1,0.26853483027359204,5.0650927209404255
0.23947624817297453,0.3697977429527167,0.44601751949932883,1,0.1883323672746121,-0.103194858,0.5693744889468584
-1,-1,0.4784594794800659,-0.67573956,-0.400284799,-0.102229807,0.9663251014636552
-0.286009501,-0.245154443,-0.371969229,-0.571574012,-0.521305403,-0.038006484,-0.779038589
0.2491467257087529,1,1,0.059024771,-0.572665551,-1,-1.033939237
1,1,0.3227443358895766,0.5058763313434891,-1,-1,7.663265574656528
0.6113902934976816,1,1,1,0.7229504942584778,0.3759825302003795,-7.506592383
-0.891520443,0.3896369211902426,-1,-0.522163402,0.056649882935739804,0.9804535955168241,8.386418908
0.1835781084361618,-0.282600399,0.2900597860299682,0.6551761220082897,1,0.40285170964399897,-0.473439593
-1,-1,-0.830414439,-0.174075107,-1,-1,0.48458949852591787
1,0.6119037700473078,0.6667645385696194,1,0.43198123,-1,3.0996632181367096
0.9731640248639317,0.7312516754755405,-0.126577163,1,0.9937709065802454,-0.973793938,0.6781558748305885
0.9781568153709661,1,1,0.72948233,0.5510639319079305,0.4091016683387669,-5.314360487
-0.052685912,0.8426648660226259,-0.35060936,0.3697998177405183,-0.805326805,-1,1.551246237135889
0.685715203,-0.73929002,-0.077250309,0.42373904423039827,-1,-0.406639853,3.7340435005075756
1,1,0.5274401554815347,1,0.049370546,-1,5.361139175110842
-0.07992823,-0.200092199,-1,-0.968971302,0.2806174997928012,-0.007552118,-1.048097672
1,0.039414626,1,0.3819991192062461,-1,0.28904500206571354,3.8659316695719124
0.15431791217398538,0.4529773483390143,0.857400812,-1,0.1459851751288164,0.19558293611312777,-1.832684719
-0.07402702,1,-0.589489215,-0.507645668,0.10535870047633838,-0.32067248,0.27570166622279985
1,1,-0.827047517,-0.305310699,0.017086512925298503,0.3814152634852356,2.9622455585551535
1,1,0.055713871,1,0.21035246881219274,0.2589011432466816,-0.861792513
-0.430358851,0.6541987805862883,-0.611460695,-0.241709674,0.15742930042855585,0.5279868428562371,3.2860655980838676
-0.634343,0.5094149304438966,0.6279138901148988,1,1,0.7788546752782892,1.2831066857740516
-1,0.9226584,-0.050244941,-0.415519339,-0.731830957,-1,-1.520005803
-0.267185613,-0.003364766,-0.084435236,0.7212204135874496,0.7222633124156234,-1,3.3734912379978104
0.4533011068755836,-0.815981133,0.32949356887214626,-0.790060868,-0.98417896,0.007228638,4.758037887617638
1,0.9951048700144525,1,0.5859732084075688,0.070545995,0.589682585,-4.227892349
0.8028965864095139,0.19633436170525587,1,1,-0.563990888,-0.782794498,4.477071611045269
1,0.6856053857503617,1,0.6600823734455004,-0.555214454,-0.531292229,4.633703238521687
-0.816364791,-1,0.20560931277433123,-1,0.6256827204882172,-0.312970703,2.619812166927082
0.011611164,0.6418525869208915,-0.171694372,-0.461188506,0.265274983,-0.527713637,-1.248507273
-1,-1,-0.610159604,-1,-0.701013131,-1,3.6848122525906417
0.10285367156843361,0.3057165634996022,0.32075809041519854,1,1,-0.198602392,-0.209968531
0.2834670293758389,0.44531564322006467,-0.776184457,-1,-1,-0.504456124,1.5953306549700523
-0.929531137,0.8301405475458002,1,0.049124295,0.30143966428370805,0.5723356710719096,-3.355668846
-1,-1,0.000362454,-0.067764504,0.9619646840439112,0.7597315940451452,2.4755253266315216
0.062215388698464436,-0.628344741,-1,0.12444738498446217,0.419745035,-0.525403226,-0.948105403
-1,-0.281807942,-0.44130113,-0.035704857,0.9245004713977122,0.8304447803094257,3.4388808037433125
-0.092551155,-1,0.6618729402588611,0.4067482257436717,-1,0.35588952430838444,1.0860951715217715
-0.8140922,-0.863485813,-0.249498548,-0.073786488,-0.081538673,0.12950259066801573,-0.759694899
-0.790513961,-1,-1,-0.022060054,-0.73467904,0.5357849482757471,-4.480078494
-0.61671453,-0.290634538,-0.549925694,-0.235889366,0.37122613827183937,1,5.036527128728626
-0.325286042,-1,0.064094866,-0.193175672,-0.296022866,0.18463329548068141,-0.935411522
0.25680222929949215,0.4902691213558515,-0.094754785,-1,0.3374402945347662,-1,0.5816448230007477
0.14546642543459032,0.9150328384577877,0.6967843018344002,0.9983207158776499,0.4147460014668882,0.5852705736030739,-4.495730407
0.43817852509033406,0.18464785563505215,-0.042751612,1,0.3195390526219277,1,3.2441943573252296
-0.675627803,0.6975203172531464,0.5443264090690396,1,-0.331422792,-1,2.194558343113296
-0.577270194,-1,-1,-0.504643911,-0.33157953,1,1.5252704970947157
-0.687222983,-1,-0.140264319,-0.938066704,-0.235870006,1,-1.323657917
0.5338029612407571,0.7044587032634149,0.5771305282114447,-0.160846058,1,0.8175361431739234,-0.214677428
0.013048009,0.4220342221144104,-0.011247257,0.5255120112356424,0.38034894898020716,0.035295180631517487,-0.669734164
0.16505008216738037,0.18077227455001843,0.7193176853244894,1,0.4602676829708291,-0.066656454,-0.220464881
-0.096599225,-0.46478521,1,-0.17732026,0.13384693747122306,1,-2.156836224
-0.222161527,0.37307230421700616,0.3396588114200781,0.20368048840714326,0.4364650169428488,-0.648524992,1.928647574101591
-1,-0.0789212,-0.505257083,0.2376744633014835,-0.879386181,-0.442511319,-2.253453056
-1,-0.24771701,1,1,-1,-0.124852019,-4.812091447
-0.261456916,0.034988969288735405,-0.626097173,-0.424218762,-0.610509678,-0.067353193,-0.915618494
-0.637700877,0.3372385145062935,-1,0.044797744,0.24095891844315098,1,8.750880923102658
-0.336054283,0.1838656940232732,1,1,1,-0.186290347,-0.570441761
0.25022748084866503,0.17271521034299742,-0.804290353,-0.724613742,1,-0.413862006,-1.090005984
1,1,1,0.9170461520063871,1,1,-9.359828646
0.6094058248238279,1,-0.791861372,1,-0.679955924,-0.425039507,4.864222416210056
0.40502076504657525,1,0.3792382298809992,0.3492970481091421,1,0.6165195471621312,-0.627317527
-0.482294321,0.6954251703999528,0.018653002042612665,-0.786121715,0.393199202,-0.209247204,0.9065547769093665
0.16119433917372897,-1,0.8640162380224576,1,0.092326245,0.3009994705373483,-0.038375455
-1,-1,-0.205697906,0.8794328538442837,0.25996840058056403,-0.653645866,0.43625722243207243
0.616331803,1,0.6282162812367484,1,0.18258232687528697,-1,2.311129880381525
-0.329948422,-0.650474791,0.20565944126504732,0.1449928378588416,-0.183918927,-1,4.575908395406782
0.9889480435187705,0.49965074120957387,1,-0.640108376,-0.483144642,-0.690484301,3.2959332571748194
1,-0.171775465,-1,-0.193357047,1,0.268827721,-2.522234396
0.9619557191462946,1,1,1,0.075575672,-0.65818956,-0.460374042
0.5986797055312819,0.33468971286911725,1,-0.324937972,-1,-0.758553065,1.9909029472056847
1,1,-0.521446011,1,1,0.6634945898473124,-0.741057332
1,0.8529315740437382,1,0.16063865964848312,1,1,-5.400326982
0.7855712252500044,0.005857838,0.515732092,-0.487579272,-0.260021402,-0.928589952,4.999867449
-0.389032904,-1,0.12527104692583468,-1,-1,0.5213863977368877,3.7468684061300053
1,1,0.34964507980879844,0.084359761,-0.065265816,0.031260005,-1.44939933
-0.606749216,-0.641145495,-0.750551363,-0.720960708,0.35522540248034845,-1,4.273662151101255
1,0.6353310206644489,0.7333770840525158,1,-0.709476839,-0.850203638,6.798268733330178
1,-0.099295975,-0.104918891,1,0.3284716558661007,-1,2.871818165442356
1,0.3416408631272121,1,1,1,1,-6.945785198
0.049548857,-1,-1,-1,-0.958105223,0.2547714894105516,1.7575217823949028
1,-0.995586732,1,0.2514138538007518,-0.72557424,-0.982577577,10.63237161065271
0.813339724,-0.454716098,0.5387857052024474,-0.279683031,-0.904768506,0.069118733,4.218701389073228
1,0.1985997001866875,1,0.016288040676908505,0.4852941922142541,0.4676329749300823,-3.105511721
-0.217660066,-1,-0.442957654,0.021724628241594664,-0.221538894,-0.525948258,-0.866021781
0.062030629221379925,1,1,0.8262087038837093,-1,-1,0.5927942834876179
0.18141794245231235,-1,0.6475335954279574,0.742986594,0.8605832675592096,1,2.3842419925444633
0.385094507,-0.780866919,-0.077923165,-0.336192748,0.6008646446878818,0.587062499,-0.727626884
-1,-1,-1,-1,0.5566193207684772,0.15697206459779578,-7.375884817
0.1465120013011429,-0.787089764,-0.751859455,-0.069311796,-1,-0.927105494,1.9362540765630898
-0.538639836,-0.125362504,-0.260837726,0.020675276,0.36802464024638915,1,3.6058895068427517
-1,-0.575319037,0.6738267019237716,-0.890949492,-0.491741968,0.4590481407503661,-2.697128974
-1,0.6025594336829851,0.9483373942377784,0.4338702014985739,-0.590428644,0.3102160852210731,-3.630596855
0.6639102996582166,1,0.2158327218934637,0.6013047038103965,-1,-0.089102325,2.2988880484503924
0.19248473023677148,0.15170076703456306,-1,-1,-1,-0.948292624,1.4196719621517726
1,-1,0.36557190427528197,0.7476359204284173,-0.907826502,0.39867269847403736,6.819747004403926
0.12125196062474541,-0.518897008,-0.512202425,0.11712727601386072,-0.577566789,0.073744638,0.43601487001623995
-1,-0.370530481,-0.472062752,0.8290036775995853,1,1,8.304221407960092
0.9939365099185944,0.013526546873010498,0.9129730252532691,0.9576276229431853,-1,-1,9.013406555
-0.344752173,0.248575759,-0.645360169,-0.765328762,-1,0.084481377,0.20916199445012507
1,0.3972064247051492,0.41327972881666974,1,-0.762707198,0.4204309467325017,3.171369787219526
0.4714827967590719,-0.879475781,-0.972694503,0.003049724,-1,0.094762772,1.0732449398880708
-0.048922325,0.27849698102939047,0.8627372974141074,-0.409149644,0.036512093,0.8577920966771844,0.38221045365965745
0.2768838275325256,1,0.5522162726770977,1,-0.256960371,0.5099253968901895,-1.206584995
0.07197187,1,1,0.20156905768469302,0.032554532,0.19648372481511323,-3.764921623
0.31732421025658086,0.8960351420996411,1,-0.046200957,0.5617368085603724,1,-1.262580268
-1,-0.079073834,-0.727110294,-1,-1,0.240195551,-1.370698927
0.2442164252640549,-0.684088154,-1,-0.715794521,0.38587801643907166,-1,3.0985440286909505
-1,-1,-0.337123805,-0.202402714,0.27327810646909806,0.2479754811860024,-1.66273455
-0.265326965,1,0.8489105112496638,0.2221411299212756,0.7650155915331271,0.4187382622199187,-3.019442177
1,0.6605281655864585,0.035502488455223205,1,-1,-0.666598393,6.515521704863116
0.227587501,-0.009322897,-0.43029965,0.710617303,-0.685888427,0.519008075,1.4738697322770342
0.062550041,-0.697599971,0.293957129,-0.164123032,-0.257788565,-1,3.7395310499449548
0.22709568791949897,-0.398420588,-0.166925709,0.9531442153383863,0.4813462320142319,1,4.710951292506513
-0.154617592,-0.890930079,-1,-1,0.46620818595658103,-0.037249238,-3.84402453
-1,-0.815391541,0.27036037798801815,0.7563646473183341,-0.642929846,-1,1.2236158738632696
-1,-0.184252132,0.7134396930463021,-0.43627971,1,0.024371613995174735,1.1142967616924544
-0.074164353,0.5093024050766529,-0.427375039,-0.495003324,0.078371054,0.7101322782333226,3.3109315025013957
-1,-1,0.882906679,-1,0.7401267738143056,-0.192450504,1.378980367750973
0.18728805988441938,0.6298789788853422,-0.420446772,-0.139315344,-0.254703426,0.10117566236154263,0.5351499811087758
0.6381496633587868,1,0.039747652524147414,0.7514195019686429,-0.404510994,-1,5.45660542
0.2785131280538139,-0.89365266,-0.649824204,0.017172601,-1,-1,3.031804564494298
1,0.4034701458779233,0.7261179645631084,-0.009599765,0.1470536455262078,-0.199882424,-0.083732831
-0.572661453,-1,1,0.2521501281117112,0.6632445628674924,0.5036435867180706,1.4786821467008222
0.29093020413994486,0.3992208685746683,1,0.45461097794087957,1,0.4844556958296151,-1.283843911
0.37624888105186016,-1,0.4709331070165062,-0.721588363,-0.851298199,0.9380702441805865,5.060892995867163
1,0.1351815176602914,1,0.6172262241867783,-0.967549632,-1,8.294941356620571
0.2887947917429065,-0.156201859,0.5630980222725986,-0.351110833,0.083618823,0.9120979228836101,0.27307866375844025
-0.369810455,-1,-0.655378428,0.024453293702145884,0.5413925909972737,-0.368787322,-1.296645541
0.6598656484378904,1,0.2993902973425582,0.7597280305041394,1,0.40060994438004216,-2.640376372
-0.203674259,-1,-1,-0.506830435,0.9478431364458194,-0.207004331,-3.62395676
-1,-0.688318799,-0.584433,-1,-1,-0.563221367,1.9896306961474937
-1,-0.778957069,-0.020980994,0.18877174768039595,-0.504170403,-0.818119119,0.4105863833559752
-0.38823694,-0.595251494,1,0.6894398474064445,1,0.272898568,-0.147605043
0.40301044185180923,0.25520475644582674,1,-0.588120281,0.969858547,1,-1.97441806
-0.108462363,1,1,1,0.8361499873755793,-0.64159281,-4.400287823
0.9857340026015987,-0.997010878,-1,-1,1,0.18201108070721506,-7.269271855
1,0.6938824161562565,-1,0.4141172378172769,-0.009336539,1,3.9688710904400293
-0.712786973,-0.119654551,-1,1,-0.157837059,-1,3.3229735754119005
-0.562712717,-0.459862516,0.2160748418709056,0.11495137813200271,0.034994416892317304,0.7754847572624401,0.1736179281376249
-0.943025443,-1,-1,-0.834661966,-0.604787326,-1,2.5791619763441327
-0.460439873,-0.72140428,-1,-0.492502126,0.009073513,0.6401315439331593,0.9218933304160872
-1,0.13435599980899837,-0.366471135,0.095156706,1,-0.168638048,2.8351150516063677
1,0.014940152885324742,0.8219933157287902,-0.566093704,-0.294513254,0.10023735667542744,1.2238238439619085
-0.068009106,-0.348069386,-0.937620772,0.7351637048390266,-0.924879891,-0.738234443,-0.459950253
-1,-1,-1,-1,0.5756202949107797,0.5477401771244976,-6.793793165
1,0.46979654348660277,-0.269772487,0.29507626044375646,1,1,1.593244547810031
1,0.9707327216710495,-0.214505152,0.16999168458879987,0.5757267200451782,0.6975137906508052,-0.300892292
-1,-1,-0.598690005,-1,-1,-0.527456916,2.9131864228836077
-0.302474771,0.7560030989097155,-1,0.47574939234617597,-1,-0.837059698,2.4642441075786774
-0.788321038,-0.38500828,0.4674799707154018,1,-1,-1,-0.003311844
-0.362080327,-1,-0.332146682,-1,-1,1,5.427380362712155
-0.653762858,-0.180038128,0.11893380303975959,-1,-0.610567663,-0.240787636,0.8989474545079624
1,0.17082114768095097,0.7326297607224378,1,0.7977370075164765,1,-2.445424744
1,0.685303162,1,0.7171229293888153,0.12094214781687973,-0.428105238,-0.544541052
-0.027729955,-1,-1,0.4632785603522022,0.7479396628561714,-0.645503259,-2.327496455
-0.455778821,-1,-1,-0.156344844,0.282039586,0.085531358,-1.614727933
-0.167607474,0.36629262263112494,0.8395211716286342,1,1,1,2.2724067737583935
0.022674233,-0.245710163,0.301393299,-0.293747326,0.7807558635732618,-0.097548547,0.6009559987478692
-0.384194486,0.4363751763847536,-0.403096912,-0.749919142,1,0.90548727,7.303786644
0.2405284494729809,1,0.021473927778224655,1,-1,0.04907789,2.9805873534583265
1,1,0.7388336922544276,1,-0.040431445,-0.650807923,2.5537350479850676
-0.813447805,-1,-1,-0.215003559,0.39928640055430065,0.6686667012451535,-1.532279826
-0.283002434,-0.057546271,-0.95573872,-0.892735855,-0.465054148,0.8795671712458906,3.866051677127954
-0.507906797,0.8867741119126381,1,-0.618051476,-0.675077546,-1,-4.030621994
0.39993833160835157,0.44323040461678964,0.22192637606076815,1,-0.165630459,0.500145884,0.6614702206241194
-0.957565511,-0.685079209,-1,-0.978832908,-0.066986843,1,1.7331739130254933
1,1,-0.43230333,0.090877003,0.057272144,0.6742244148032863,2.4950365843916074
1,0.9537745049604929,0.321666184,0.19931045844752165,1,0.6748783195507873,-2.727345372
-1,0.17314277737149952,-0.586543352,1,-0.255149075,-0.264328112,-0.970441761
-0.969346742,-0.343673758,-0.463981162,0.062858727,0.10796618639833566,1,3.5916116897555277
0.8083314466198102,-0.27120607,1,-0.582184874,0.41648350543723855,-0.962667749,1.4333487061603067
0.27552455331134373,1,0.6560300166480333,1,-0.200848849,-0.21733215,-1.196665595
1,0.29835293004047436,1,0.6937403820190684,-0.201741944,-0.397684463,2.3873765998498215
0.44872598055420365,0.7397191415908613,0.21884283606037558,0.039024241,0.3867089698174547,1,2.227911732347352
1,1,0.3069293581075557,-0.351274246,1,1,1.830030972896663
-0.665137821,-0.625656643,0.3124770061840193,1,1,-0.485715583,2.9255493366529723
-0.331503351,-0.108463637,-0.491239736,-0.714387871,1,1,5.266859045992054
1,-0.028259046,0.34595632059924797,1,0.080583074,1,1.517950859263433
1,0.6546489698738198,0.6241237322568554,1,-0.515763604,-1,8.049713603584177
-0.835579685,-1,-1,-0.454885299,-0.138612711,1,0.5028135753080337
-0.639579077,-0.447197039,-0.530216438,-0.906664588,1,1,6.291967713897338
0.020765987475350967,-0.615483203,1,0.9014324219696979,0.7698483122710191,0.6472430067980576,-1.547086904
-0.446271636,-1,0.6806372335346371,-0.496797358,0.32464450038262316,0.9831425834330434,0.16154340373471143
1,1,1,1,0.1947228106652233,-0.215944795,-1.925124665
1,0.11855746893187158,0.7346434904831343,0.31521780615901207,0.3281029144513544,0.5356634831319218,-1.081914764
0.8686702233187991,1,0.7175247591139535,1,0.4010143171532072,-0.731336982,-0.867745095
-0.48663454,-0.431006169,0.16302067094086892,0.16615810161447153,-1,-0.434189293,-0.33872158
-1,-1,-1,-0.141343726,-0.085762651,-1,4.066441584390561
-0.776204233,-0.878677006,0.049994885717756565,0.4684276155025209,-0.530504872,-0.132471306,-1.146799164
1,0.3536585998920314,1,1,-0.960951498,-0.144212653,4.789826436093565
-0.144926628,-0.693586388,-0.760162923,-1,-1,-1,4.607979634957903
-1,-0.525000835,-0.725949612,-0.703161957,0.11866614860691493,1,1.3775615901517702
-0.592767302,-0.908730714,-0.785679267,-1,-0.429908268,-1,3.5113854411809546
-0.812865729,-0.130269003,0.5111624777102419,-0.240436181,-0.641230274,-0.979173309,0.2580918810839723
-0.79226791,-0.214588855,-1,-0.279076841,0.031066080183075162,-0.127291739,-1.113524026
1,0.3064110088352612,0.5439082047372505,1,0.2361819613553362,-0.036084377,-0.555882904
-1,-1,-1,-0.02360223,-1,-0.741771415,-3.447756846
-1,-0.53362013,1,-0.893795765,-0.319986705,0.50543746,-3.783504629
-0.785967227,-1,1,0.2338475152996249,1,0.9870097612247783,1.7950402837073205
1,-0.518813863,-0.877991508,0.1411593620572862,-1,-0.599963303,5.862919208077326
-0.807826637,-0.022438681,0.18576577601970867,-0.29713989,1,-0.116064739,2.071128687749555
0.24638501514607006,-0.265709286,1,-0.736681315,0.18914079573194698,0.04319834,-1.563391439
0.6593548478021689,-0.493797492,-0.456267485,-0.274269896,1,1,0.6691491054939239
-1,-0.057214354,0.25630689782860755,-0.320335866,-0.288210999,-0.417499652,-0.335845013
1,1,0.30384761965196505,0.44175874498591816,-1,0.3481910695851904,2.349452999654297
0.025101716,1,0.7163758754748948,-0.649166415,-0.608509092,-1,-1.574577671
0.3115308694748128,-1,-1,-0.6349169,-1,-1,4.447669667358338
-0.962724022,-0.363546233,-0.333345633,0.7624775237787166,-1,0.5256634146257972,-1.729742414
-0.580830531,-0.216860355,-0.410702988,-0.71221678,0.49708035762290803,0.063482725,1.345009019598729
0.28882353406523364,-0.410860208,0.8625062726489218,-8.95E-05,-1,-1,3.615438567764873
-0.467560197,0.3586864129916834,0.3692136744307161,-0.707789925,-0.307953862,-1,1.1226480154945546
0.9328879553025589,0.097340213,0.076388769,0.8242266025865755,0.3554682986878859,-0.363924071,-0.887765988
-0.683306905,-0.482911841,-1,-0.61592809,-0.647242767,-0.496984017,-0.71255658
0.7892998579460327,0.006869815,1,-0.227837508,-0.3027359,-0.607410567,2.451133413658073
0.022950449142340124,0.053514642649673094,1,1,0.376366099,-0.499217235,-1.61557074
0.04495026,0.9217939938546662,1,0.21561344492311155,0.7637118011405384,-0.830720985,-1.72566409
0.8758568815705357,0.6063995080531885,0.252375055,-0.359740508,0.5938184212602684,1,1.1778106049435109
1,-1,-0.171372116,0.781936196,-0.226833357,0.5255777478443725,2.0940917033253497
-0.348132525,-1,-0.327645808,-1,1,1,0.42980966555537103
0.29167823598770903,1,0.2870596542871573,0.3229635309639729,-0.945859608,0.033293448,0.17806836922808664
0.948683035,-0.893478439,0.5499149564018742,0.11910665212508442,1,-0.756961766,-0.817733079
-0.345110865,-1,-0.096605035,0.2836003691761645,-1,-0.004748107,0.027557843
-0.574123851,-0.190404841,-1,-0.28694652,0.5977053432126544,1,7.737011392153709
1,1,1,1,-0.587177984,-0.956469264,6.686423094288129
0.17658035723571922,1,0.5007034724426928,-0.019930138,0.11152060542623106,0.643070164,0.20715987154730353
0.083753905,0.018002642270435354,-0.517032734,-0.044941342,-0.537891347,-0.022145456,1.1900966496889491
-0.207770776,-0.974948938,-1,-1,-1,-0.491488298,3.084615485037955
0.90926247,0.8175884052902005,0.28087951714125303,1,-0.74878661,1,4.908835066719097
0.8972754567632839,-0.069415306,0.7428721888197302,0.4567392001793632,1,-1,-1.1336802
1,1,1,0.80351811,-0.76523685,-0.282464097,3.3766558950234127
-0.618933304,-0.511857347,-1,-0.527395359,-0.30655942,-0.564859588,-0.443163047
1,1,-0.528347387,1,-0.297915943,-1,7.231965843907871
-0.65796642,-1,-0.988690151,-1,-0.415913549,-1,2.7876887618182637
-0.065022994,0.33614701498032573,-0.298765825,0.9092260911420241,0.7722084841478927,0.4156797372185652,1.4787135245758263
0.20327394231314289,0.6123510627375945,1,0.6381966195813029,-0.449074557,-0.073134429,0.11772143745244246
-0.592228845,0.27470669984997287,-0.902731539,-0.505314964,0.8940510676462042,0.33856526644977425,2.667087650020736
-0.166040869,-0.367467709,0.14684679398897477,-0.103772447,-1,-0.864182236,1.571220101
-0.627843847,0.166577102,0.5597720778961187,-1,0.30135595548396166,1,1.5229017128754827
0.8714759758841457,1,0.28150722345751533,1,-0.100016964,0.8319179430045623,0.7150866814070823
0.5810787896118195,0.8927403128365746,0.3261903119130455,0.44061185398318115,-1,-1,4.007439813823842
1,1,0.9615566028066257,0.9856629525102889,1,0.5535091401813691,-8.896992707
-1,0.3494053587427379,-1,-0.033748568,1,0.624880428,4.718910529676896
1,-0.020770078,0.8624565906837285,0.9405435423450501,-0.427727671,-1,5.863647345291865
-0.52258868,1,-0.072769808,-0.503939531,-0.226264268,-1,0.31741860126068994
1,1,-1,-0.324213089,-1,0.5074363671622091,8.798621326
-0.51848886,0.8890863759254664,-0.878429739,-0.204853797,0.049448117,-1,5.486032796820013
-1,-0.423966497,-0.879134052,-0.431027913,0.9261220805445035,-0.356752242,0.21433267970137815
0.7817794339116332,0.8745495634529348,1,0.4955077188049559,0.8323294692591374,0.25534907889838077,-4.782994274
-0.777603737,-0.809749995,-1,-1,-0.176808894,-1,4.064051426989658
0.31956739985421645,-0.090642339,0.10467744475238527,-1,-0.786628028,-0.018907913,2.1921901037082776
-1,-0.530095215,-0.523829441,-0.823334134,-1,0.005018383,-0.348953142
1,-1,-0.540126213,0.034787443667186696,-0.572219504,-0.257362044,1.196950982516258
1,0.700312957,0.9835657675204295,0.7114692296636977,1,-0.260212851,-4.274020577
1,1,1,0.7391446477117349,0.7460327746819092,1,-8.067845087
0.6712741324920829,-0.191903803,0.11063511797465297,-0.139081035,-0.70640943,-1,4.983123955231589
0.4879111255223926,-0.498987083,-0.793444411,-1,1,1,1.0694260133266196
0.6649330947581944,0.20148802692434264,1,0.6306177845716889,-0.708402481,-1,3.820840714022781
-0.092423593,0.135061783,0.45401654190008467,1,0.3800551115275794,0.13571087987233843,-0.486808081
0.8347582910451661,-0.778579855,0.2896245943873972,1,-0.245303629,-1,6.226360174223888
0.9319330418452887,0.8972177116074179,0.00425482,-0.112403414,0.27238530626945456,0.1906616433246654,-0.666270487
0.647853194,0.7781543150736647,0.6883961334623709,1,1,1,-2.021413864
0.7427028921373584,1,0.1563440064237327,1,0.8310585204692704,1,0.43833678747912624
-0.318455934,-0.114283169,-1,0.28257249541967555,-0.2797445,1,6.751816066225078
-0.014693595,0.13018007587741387,-0.985242919,0.2819826454600892,-0.331380627,-1,2.910171873290181
0.2282836785363097,-0.516511967,-1,0.17299472665634474,-1,-1,2.269817732670213
1,1,0.6919756968906345,1,1,1,-6.395817269
0.2550381534824355,0.9209879546160987,1,0.2851371132606788,0.4264066551540684,0.21713711200992647,-2.667780087
-0.292458164,-0.695652099,0.8452347766572931,-0.063117741,0.5038395536016345,0.5213334798803428,-0.025707892
-0.542349536,-0.759441839,-0.393935335,-0.187889697,1,-1,3.5648620901749837
-0.241623658,0.6346113896111691,0.572738347,0.6361910506068063,-1,-0.907328393,1.3002311130614874
0.8311220822674497,0.588792152,-1,0.5161965790250519,-0.56819661,-1,4.374720429
-0.125134356,-1,-0.69577957,-1,-1,-0.845823501,5.419839841
1,1,1,1,1,-0.134573954,-7.103428643
0.6080011814631181,1,1,1,1,-0.918817238,-5.946384979
-0.860531284,-0.908625747,0.09009957,0.45231723760128917,-0.436522064,-0.47446198,0.3481576825167986
0.9118819460987003,1,-0.138304677,0.8838821990636032,0.25995496151345354,-0.591171122,1.898093538915094
-1,0.024895896499230963,-0.749673038,-0.848919374,-0.841885886,0.6853710421158488,0.8750382050188483
-0.642651245,-1,0.2976018784531343,-0.861904419,-1,-0.543359699,5.064579848986243
-0.888557999,1,-0.219513614,1,-1,-0.19968793,-0.287428385
-1,-1,-0.089769692,-1,-0.190342037,0.9982463961760057,-3.638920547
0.1571324983483191,0.42007710936770604,0.8164638704489691,0.20928742755736285,-1,-0.213613037,-0.201581928
-1,-1,-1,0.6443661520116096,-0.213606399,-1,0.38239774517105873
-0.767785616,-0.345200514,-1,0.47804680345415107,0.10585872311547684,1,8.128460560254743
0.7213507555568324,0.4714815282683351,-1,0.9855380237926313,0.088023461,0.4177693677015084,-0.240237462
-0.944017638,0.9227329853829946,0.461526129,-1,-0.772829639,-1,-2.59838509
-0.516000246,-0.196578205,-1,-0.221796549,-0.39491162,-1,3.785969456531074
-0.840045367,-0.202208948,1,-0.559295705,-0.606805798,-1,0.9646165040006478
0.686365339,0.8795882749819016,0.13893556584410272,0.7457200686356852,0.5444729692974117,-0.004882939,-1.424217459
0.30003130328808436,1,1,-0.755059856,0.8053583403968536,1,0.096079546
0.71399243,0.28011370629473076,0.26287260842873983,0.5003558649774975,0.3282032870207114,-0.57562734,-0.205480937
-0.905390628,-1,0.22287160162237718,0.6093798562824784,-0.549894556,1,-0.012935671
-1,-1,-1,-1,-1,-0.789940446,1.6937975189601397
-0.689163832,0.9313618121198937,0.7025105456003231,0.32810009309799065,-1,-1,-2.264141318
-0.221476621,-0.765581632,0.3638557768669146,-0.131614873,0.5811522988710904,-1,4.393307291133876
0.95540076,0.4612406640002172,0.6905241868651109,0.7377224808518191,-1,-0.688713141,5.719358968025039
0.505898327,-0.206083087,-1,-0.947490982,-1,-1,3.795357653160977
0.49272987059739204,-1,1,-0.605806255,-0.835346535,-0.849057231,9.537319295000207
0.6381636587003632,0.3441204583718713,0.47718119137771703,-0.345110825,1,1,0.655490326
-0.94141256,1,-1,0.3891192460353563,-0.452112978,-0.192494629,2.482020383461724
-0.467649599,1,-0.789573635,-0.601681602,-0.470266561,-0.619453898,1.1480498740249427
-1,-0.907706578,-1,-1,-0.852832695,-1,4.386719579221102
0.6188473771762202,-0.995510069,-0.190406799,0.9300492952865169,-0.952341457,-1,7.921193858
1,1,0.16119556549671876,1,0.20456642055336194,0.7066875544049586,-1.372217341
0.318450557,0.6513272383769313,-0.10173159,-0.348779625,0.4145300408727318,0.8151351861132481,2.1370321714098433
-1,-0.052142796,-0.170687855,0.18010512397141132,-0.020440143,-0.97093634,2.3148770097626388
-0.433150644,0.2662236652920056,-0.165361418,0.2926839819826562,0.3170960466395258,1,3.759927024933782
-1,-0.854360905,-1,-1,-0.80756049,-0.029968421,-3.042629332
-0.516153759,-1,-1,-1,-0.440362359,-0.505480236,-1.791648363
-1,-1,-1,-1,1,0.4921660330837369,-7.398747373
0.5639497119701623,1,-0.040937487,-1,1,1,7.060558582249665
-0.224130138,0.21029823965979083,-0.893021752,-0.936129605,-0.11663286,0.6187737106215272,1.9893379161156552
0.34878449730724626,0.18474750168263432,1,1,1,0.3721858354515526,-4.107458657
-0.338392061,-0.179225197,-1,-0.588428985,-0.432129394,0.1685066984826613,-0.749527654
-0.410240178,0.0579042,1,0.4867203955399248,0.5551103926835732,-0.866372715,1.5448678115170926
-1,0.28517697122174385,-1,-1,-0.19254364,-1,2.7555758390825735
0.6297180463895042,1,1,-0.060969225,-0.656193588,0.8001848798699239,-0.82250416
0.7073803693497543,0.8280808432456275,0.8126509531489305,0.5303719899695463,1,1,-1.410091593
0.26739183118381665,-0.179248033,-0.7041015,-0.156561254,-0.844190728,-0.239803528,1.0739695559099762
-1,-0.96196578,-0.29164197,-1,-0.930991014,-1,4.968011138729272
0.329341158,-0.262035543,-0.418412443,-0.298069125,-0.023850595,0.021263843,-0.268947615
-0.058324888,0.3251527592183848,-1,-0.804442728,1,1,8.997554720196142
-1,-1,-0.090153453,-0.469083762,0.028528276217724136,-0.557682056,2.326623133087045
-0.048932219,0.058342263,-0.676138821,-1,0.060544119609530433,-0.528408971,0.17319409727565982
-0.473454435,0.1557847605021122,0.466179661,0.5549982422618671,1,-0.4364663,0.6239594455315074
-0.291396059,-1,-0.378742631,0.58883411,1,0.5949079121008731,0.7510826960332926
-1,0.2948833765024318,-1,-1,-0.42460708,-0.702598392,0.019104504236667652
1,0.832736075,1,0.8023248344899796,-0.30079205,0.4874996543988975,-0.698897032
0.5034260130135542,1,-0.570874341,-0.964665696,-0.837179913,-0.611306131,4.903105423022137
1,-0.177987438,0.24112067447756103,0.3644890073035178,-0.015890429,0.7589896264177947,0.6966422818145034
0.14534356256618503,-0.508837812,0.503615581,-1,-0.239214208,-0.249931154,0.9898974042262334
-0.557412187,0.5276987180201004,-1,-0.527050981,-1,-0.927500065,-0.499975688
-0.651566545,-0.00897784,0.3761886296060273,0.834276786,1,0.28531127078651397,1.798175038969829
-0.045159539,0.24634796184439622,0.8461662506984502,0.654161959,-0.343202211,-1,2.5255806647624763
1,1,0.854797212,0.26348542021644983,1,-0.132544345,-4.323742099
1,0.9106594464259634,1,0.1164617796650587,-1,-1,4.599238156409135
0.6722917127492071,0.30979039006256226,-0.220302735,0.8489506123147105,-1,1,5.974311700867515
0.8012620958317197,-0.230370126,0.9886310591111689,0.9702705466481233,-0.367514104,-1,4.105500888435246
-0.833992677,0.096864963,0.37165809611191314,-1,-0.084448108,-0.160634814,-0.189439633
-0.851798958,-0.068149675,1,-0.524149622,-1,-1,-1.316398097
1,0.14531902806679886,0.32991816037545596,0.3414269637519348,0.5983513151177589,-0.391679793,-0.552346011
0.47990012029115414,0.9349390176081498,1,0.6255388198782939,1,0.4724602873185535,-4.895341988
-1,-0.736732416,0.089065628,-0.04807803,-0.363261516,1,-1.279308336
-0.525289111,-1,-0.365488127,-1,-1,-0.611540044,5.308692108
0.8710271681436557,0.9582059479595644,0.17062140067636844,1,1,0.5795170924078732,-2.139572279
0.032926522618899265,0.38841356490459467,1,-1,-1,1,1.2166652605574788
-0.082592149,-0.181729018,-0.826953673,-0.035481927,1,1,6.385864522463569
-1,-1,-1,-1,1,-0.176319468,-6.741947482
-0.519518267,-0.95146873,-1,-0.772122853,-0.064630924,0.37983047306379136,-3.558529938
-1,-1,0.38745226455859355,-1,-0.35693519,-1,4.727594056290133
-1,0.5008550182252324,-0.603249396,-0.294115155,-0.299496164,-1,2.2998608184609464
0.34574978143138213,1,0.39131384804226926,-0.275142776,0.6916974018058331,-0.618737691,-0.146390353
1,-0.034761893,1,0.755173985,1,-0.91297469,-3.993162895
0.33169897269317883,-0.106535636,1,0.862821568,-1,-1,2.416157536973965
-0.843788625,0.4383759098026292,-0.689293226,-0.302747198,0.5958087934209442,1,7.649724128618385
-0.660779779,-0.571392533,0.6933671872860949,0.1391945998407576,-0.693574737,-0.032492453,-1.453019945
-1,-1,-1,-0.035143452,-1,-1,-0.287779737
0.075944303,0.18642727681585491,1,1,-0.507207986,-0.895346618,1.658965953608483
-1,-1,-1,-0.382321078,0.2856889163029255,-1,3.7598703546872256
-0.048457426,-1,-1,-1,-1,-1,5.987955374823994
-0.676109619,-0.487817361,-0.008178287,0.7144466505992259,0.21351344225513436,1,3.4990372756379338
0.054393057920206545,1,0.7549301703019478,0.7617241903642202,0.092068789,0.16204713326691475,-2.110935926
-0.153428474,-0.663206854,-0.668609313,-0.278781702,-0.108867009,0.19243379992111387,-0.659632343
-0.053313945,-0.131783825,-1,-1,-0.971178279,-0.436152711,0.053094991
-0.804969895,-0.314925844,-1,-1,-1,0.817197416,3.864947667743287
-0.185553413,-0.706469626,1,-0.144489524,-1,-0.968621257,2.026136597255625
0.2170699530589808,-0.955704923,-0.426873694,0.4462013344336984,0.7347657784982351,0.22701154715434327,-1.688741685
-1,0.23509481519386943,-0.066147156,-0.994664955,0.256250155,-1,3.5473979090209746
-0.069878494,-1,-1,-1,-0.118251731,-1,3.0667103016624595
-0.798315503,-0.554058553,0.7776000353491923,-0.349348929,-0.024190427,-0.81403945,3.427676775038718
-1,-0.26035182,-0.343336133,-0.336679222,-0.097355983,-0.859004906,2.0644141077390348
-0.07374017,-0.240754095,0.620796728,-0.871981381,-0.668185449,0.24895202560969976,0.22690996387459866
-1,-1,-1,-1,-1,-1,4.447760060934577
-0.236166274,-1,-1,-0.711468064,1,-0.613291444,-2.258544044
0.2107658965577045,0.12885695790561225,0.3385458916779618,-0.245856389,-1,0.056039982,0.4940468601233133
0.6037656796766053,-1,0.1481094502492929,0.20446309076925712,-1,-1,7.594974578993846
0.020616945985526325,-0.380321689,0.37429236397138266,-0.223054951,0.7108409548435277,0.46845637462682954,-0.798645095
-0.496545407,-1,-0.16949555,-0.663783978,-1,-1,3.7590459266076874
1,1,0.939289124,0.7249901630149267,-1,-0.45534165,3.9952943498123084
0.29304660913129865,1,0.618239659,0.11452426786769965,1,-0.296956935,-0.874400571
-1,-0.700523345,-0.161746733,-0.945040116,0.5041210614658337,-0.248786686,1.2502316757315761
-0.022541758,0.8995591101627246,0.717531553,0.30325484552424065,-0.320284239,-0.882897086,1.6281433884872067
0.21708780854913945,1,-0.034113081,0.4716928737709084,-0.236727313,-0.945743385,2.0260655408880153
-1,-0.759748986,-1,-1,-0.388543221,0.7120778445425843,-3.526071812
-1,-0.251972155,-1,-0.386003805,-1,-0.07168079,-3.398965044
0.5753743806601731,-0.665553116,1,-0.375729825,-0.336289307,0.22734469704300397,1.4456823178971967
0.9624454224129537,0.10084549995956243,-1,0.7662629216043967,-0.031806861,-0.378318964,-0.460057421
0.1531150090918199,0.7732757673284336,0.6214596051256966,-0.097483769,1,-1,0.1366843404913864
1,1,0.4832664117765074,0.15044493800214664,-0.448785314,-1,5.564796682485141
-1,-0.269760005,-1,-1,0.3357317625031178,0.076403047,-2.208498025
0.696851819,0.36592123266875815,-1,-0.175132323,-0.952717723,0.6855614229540059,4.826295642919711
-1,-0.955134529,-1,-0.353862486,-1,-0.755749525,-0.937992543
1,-0.856184972,0.013523334046026986,0.7891191425855548,0.5260344471103974,-0.776995929,0.3119631920996073
0.1264434607072199,0.268435421,0.8759920582725305,0.078037126,0.3910786851621634,1,0.15524498724174496
-0.536777724,0.1565843738904925,-0.110138921,0.3835990702930525,0.790204254,0.5074553890672046,1.2567808416965027
-0.843615122,-0.200962084,-1,-1,-1,0.2677276463027548,-1.528010116
1,0.6094791113384356,1,1,-1,1,2.760132268384234
1,1,1,1,-0.441847409,0.4396410011498894,-0.879406651
0.3401146516809987,-0.050861293,0.5165594036762176,0.42529146085759495,-1,-0.801901341,2.4883273153188727
-0.800474107,-1,-1,-0.501445886,-0.948645999,-0.608784318,-1.218855781
0.35399777334258364,0.6566465999566867,1,1,0.49719017065952786,0.7802638592514431,-3.678469566
-1,0.029196521787940743,-0.646062136,-0.166454198,-0.15635552,-0.827713424,2.5573748667195684
1,0.5868349413125955,-0.221452118,1,1,0.9404426054536608,0.3776685754076805
0.8025537656853541,-0.18912189,-0.758906609,-0.48930837,0.052563017,-1,2.866949330974757
-0.318434386,0.06835516,-0.086979088,0.7960865382097669,-1,-0.834540134,-0.109401922
-0.257144226,-0.465584636,0.4260866297934043,0.6737703860349715,-0.956805588,0.9018786588293839,0.4541288313282056
0.8203753149259154,0.8221187991295071,0.9665162722646559,1,-0.157754617,-0.43171821,0.9747129212358745
-1,-0.96582598,-0.00372687,-0.95621067,1,0.38294257808326926,1.4146815789113532
1,0.47700280273791984,0.8252632262935697,0.10095097604219766,-0.446731294,-1,6.476034945698972
0.2201664267028558,-1,-1,-0.760830067,0.3558617448935048,0.8445386753182889,-2.266580227
-0.299131407,-0.058556101,-0.922889317,-0.64531752,-0.469369579,-0.653663367,-0.084416675
0.9869487419322499,1,-0.842337649,0.8926339103089431,0.3608688085452783,0.5000916006983159,1.889484532280108
0.561376566,0.741420442,0.7698682517523665,0.2738630309059775,-1,-0.648858965,2.245335689331902
-0.038187648,-1,0.6160454433599389,-0.909669232,-1,-1,10.66339520808763
0.11934426326356973,-0.534062735,-0.975185847,-1,-0.701753846,-1,4.054105408891984
-1,0.48574645320979026,-0.773667517,0.34341574369452377,0.6374612694013171,0.9727014816637589,8.626118118
0.6162712255261167,-0.449999475,0.9200324767974196,-0.453803326,-1,-1,6.0666000665820645
-0.71009951,-0.298299248,-0.628620929,-0.36429061,0.6833137817965489,0.8617125885957182,2.609163353708821
-0.908497339,0.021792505913055857,-0.721594294,-0.864503276,1,-0.092806141,1.2174604907993771
-0.178182673,1,0.709111731,1,0.9206068078913698,-0.481228724,-2.160582244
-0.638456912,-1,-1,-0.01330914,0.792700133,0.896197842,1.7389971177599244
1,1,0.4120776259932849,1,0.2515896967948471,-0.646365278,1.5870447594570656
-0.214816396,0.5751231894936373,1,1,0.42315300805665923,1,-3.24130157
0.9369466588308195,0.5431263783120511,0.10464759064036167,-0.137743577,-0.140856182,-0.27108966,0.36528287367937484
-0.083734425,0.3424619620625404,0.41451048114206546,0.24813903385078454,-1,1,2.9766052522453177
-0.772548014,-1,-0.25931569,-0.409451547,1,0.36605162541324343,1.108438569
-1,-0.684395282,-0.799541701,-0.720534293,-1,-0.829668587,1.4752566067216661
0.37859638974525767,0.9630975469346229,0.4821709099507995,0.14792126776162307,-0.713650879,0.840480643,0.6782850411469357
-0.062943595,0.5840763375767696,0.2642332131971107,0.8720824595700429,-0.783474109,1,2.5977281533496237
0.3825973719354637,-0.010025924,0.14881648055235835,-1,-0.117801236,-1,3.852861152863837
-0.812510757,-0.859980973,-0.054135719,-1,0.003022736,1,-1.592268873
-1,-0.390915516,-1,-0.057121355,0.2375377624462105,-0.298216513,-0.374653818
0.2809181804241318,1,0.30461095712586617,0.23650874855817575,0.1250861124285929,-0.191556376,-1.171509192
-0.171432933,-1,-1,-0.615959869,1,1,1.6645657623590753
-0.372786187,-1,-1,-0.369428023,-0.227316006,-1,2.3644626766937438
0.5389322875013492,-0.030659689,-0.084168031,0.27465807910435924,-1,-1,4.565233470282193
-0.279247811,-0.229749903,-0.047253244,-0.783218246,-1,-0.328717364,0.6213045260833302
0.6707785898846481,0.6121178405912037,1,0.9234775324659078,-1,-1,5.599918519386045
0.049610624,-0.146812017,-0.95417786,-0.950611125,-0.295078826,-0.133244387,-1.316458409
1,1,1,0.3004178211979309,-0.31490948,-0.34995895,0.9928264314391586
0.32120061638224784,0.9733578215090233,0.6800521078605433,0.5592438647429276,-0.681859119,-1,2.736373519673829
0.8358663545840813,1,1,0.13029817582412329,-1,-0.478295076,-0.40663172
0.13774289278669527,-0.469378678,0.626774107,1,0.6412319371323592,0.20117657589942228,-0.130079583
-1,-0.335557475,-0.589928422,-1,0.13518263633515837,0.6242461679820339,-0.096113126
1,0.907781938,0.6362031594568052,1,0.80253423,-0.877107435,-0.85393461
-0.806628989,-1,-1,-0.834584213,1,0.7927124948424051,-2.060992297
0.042358724064516906,0.756337299,0.6717686432329326,-0.087158744,0.270658561,1,1.1658589034498614
-0.472385791,-0.245282494,0.37190177107692346,0.6046785368587525,0.8544688624194247,0.9488264259438874,3.8726428864935225
-1,-0.364599222,-1,-1,-0.005134972,0.4052065135305581,-1.502579504
1,0.32872962065334155,0.27523063227364497,-0.118592563,1,1,0.080966279
1,1,1,1,-1,0.057509601110216524,3.7148243185568153
-1,0.38844393234751456,-0.944386504,-0.893343273,-0.377763416,-0.40912283,-2.12769217
0.8611921244599757,1,0.2254103725286477,0.3675124679007255,1,1,0.957219806
-0.102798465,0.6291009866137711,0.5749004926000917,1,0.21498378867367318,0.067412017,-1.655160108
-0.265901355,-0.81717911,-0.81030124,-0.746638062,0.486663146,-0.696645432,0.5917645139252785
-0.628274153,-0.869983329,0.3758888911986986,0.7606836575022432,-0.730956183,-0.389582396,-0.35966132
1,0.9644527472427538,1,0.13012545453902447,1,-1,-5.00004789
1,1,1,0.038615986,1,-0.194924662,-3.249161996
0.29846062744671537,0.228855089,0.5664172573876448,0.030094127,-0.393440226,0.21568190564295475,1.006193329464422
-0.729129812,0.8487746725573811,0.2692925051836832,0.7535988550407372,-1,-1,1.284385363728381
0.9331063270512953,-0.082003694,-0.136160314,0.24800182874159454,1,-0.834036247,-1.175151882
-0.238410513,-1,0.8520739089925451,-1,-0.109518919,-0.429095499,2.3746733142476635
0.7121774271189889,0.083265106,-0.227345689,0.1891490206288607,0.050275285374261625,0.8718226978206641,1.1881025370534597
-0.045774678,-0.134239275,-0.219360988,-0.240266343,0.21001355623843743,-0.237149333,0.4812693100041446
-0.494670536,-0.489463627,-0.459075241,-0.027122211,-0.503758259,0.6621977499574591,0.8167424768633891
-0.436624502,1,0.2832455608130522,0.9385266657593644,-0.612299834,-1,2.3441141537443393
0.5586733555814125,0.7645724015991453,0.7984638786356033,1,-1,-1,5.994839269386222
0.14435486907807962,0.047511245,-0.699209822,-1,0.35568171087838646,0.6204549651485223,1.2584455595951214
0.7462363610467271,1,1,0.8954175977624239,-1,-0.378994563,2.9260625607267197
-1,-0.230953882,-0.200875321,-1,-1,0.2425252119529464,-0.350678652
1,-0.016174243,0.3134287542684854,0.37969790775976164,-0.423441792,-0.330176228,1.703098006721646
0.3031423277231232,0.6867551170321908,0.12942087134996094,-0.387341644,-1,1,6.183766727102789
-1,-0.556198095,-1,-0.647665024,-1,0.6011594213251423,-2.522160929
-0.963201385,-0.028598754,-0.543425341,-1,0.8182383160710389,0.35837983826535036,2.776243715864126
-1,-0.090025926,0.3769414854004307,-0.327219151,-0.887189166,0.25823774608562267,-3.01811971
-0.834127269,-1,-0.76705365,0.5564162911406559,-0.905015071,-0.031297524,-4.707303581
0.18278197434986204,0.4837575911900186,0.7172662543820586,0.16149390507184921,-0.264372737,-0.697351347,1.6214879020432436
1,-0.904059397,-1,0.6393801585430003,-0.323839165,-0.434872287,0.9832424140927472
1,1,0.18608026503425038,0.14960249498843026,0.7719252509121581,1,0.7647844284449938
-1,-0.689068782,-1,-1,-0.705666745,-1,5.039952131940268
-0.148619098,-0.877574582,0.28440669953284325,-0.408846962,0.24731193358854572,0.6032223144523055,-0.029718247
-0.486851914,1,-0.012977528,0.25499283639632253,-1,-0.394884892,-2.388955009
0.5452284976987817,0.30289220136511863,0.049867110290694155,0.33649442319751843,-0.861237636,0.8010500621245834,3.074664471283933
-0.717900494,0.060160583,0.5094055482907983,-0.106283762,-0.514437392,-0.04193595,-0.479582435
0.5491028314458364,1,1,0.18467163021521382,1,-0.565508983,-3.347807787
-0.790104167,-1,-0.575254671,-0.645097951,0.7067250461281931,1,0.7679567706783449
1,0.543906659,0.7377289184689428,0.886776245,0.7711597539475026,-0.524645425,-1.647329984
1,-0.719533369,1,-0.267427143,-0.064713095,1,-1.150545247
0.2625367761255185,-1,0.002600495,-0.256402783,-0.767669247,-0.819270663,4.206346624993872
-0.070331354,-1,-1,0.18383204414156817,1,0.9892462291307718,3.6537678957880972
0.3472501,-1,-1,-0.0965177,-1,-0.183118271,-0.753297752
-0.043577563,-0.874171445,-1,-1,-0.634016202,0.6546441999158449,0.6448479889841947
-0.882879769,0.069359865,0.077298794,1,1,0.3006865957947501,3.9276505592196997
0.5457835870350115,0.05136162,-1,0.35134676002380605,-1,-0.045033421,1.2687091216310302
-0.74786,0.068126138,-0.782126668,1,-0.925070607,-0.774193107,-0.563947779
0.30320833849383255,-0.963636772,0.3410410973329663,-1,0.8234245681081274,1,-0.386583843
1,0.8051322541056973,0.48573324179490895,0.2580193450005358,0.9638787945678424,-0.765399035,-1.297307373
-0.296129923,1,-0.473086116,-0.512739491,-1,-0.536138705,0.5540547876500899
0.7141707128826342,1,1,0.002751507,0.6251016628634553,1,-4.279516489
-0.036947093,-0.513916905,-0.69235863,-0.118163824,0.9462616485209931,1,4.046981254615318
-0.162464666,0.4742098866404415,0.9654436030326218,0.485354392,0.2390232546183284,-0.761644413,0.8179199012463699
-0.606635685,-0.295696212,-1,-0.325562622,0.9287525415525691,-0.397815709,-0.33424812
0.1065368459146361,0.038557098,0.42200300635806537,1,-0.501027152,-0.094649043,-0.172146966
-0.043612397,-0.349545185,0.12197473921905294,1,-0.814738602,-0.238696826,0.7440984295567087
-1,-0.404580626,-1,-0.131844541,-0.906553309,0.7883978409883642,0.7040295142306281
-0.341146049,0.31866616457801433,-0.168074163,1,-0.466244631,-0.671520163,0.6047189447932735
-0.676292338,0.078292599,-0.709471702,0.6527843496097591,-0.127739846,-1,2.3549930892174986
-0.792076,-1,-0.046648428,0.9889366117026102,1,1,3.4413726581706463
-1,-1,-0.710979152,-0.732464174,0.081537712,-0.979109399,3.0553872708078926
0.6477920192063673,1,1,1,-0.662728555,-0.818795586,3.670499385715043
0.6064496181235598,0.19326739928567918,-0.091145973,-0.145244756,0.5183220858050244,0.3381281578484946,-0.976086328
0.009169936,0.13185680168006475,0.7754333296548419,0.6112526263224289,-0.463557232,0.16045446502428895,-1.100080347
-0.388784941,-0.309764506,-0.923393417,-1,-0.544108144,-1,2.656576199754727
0.1186374563874859,-0.859809574,-1,-0.177507959,0.3188642527228259,-0.358493468,-0.542821407
-0.618968631,-0.132849835,0.2994886013522533,0.45772902572429697,-1,-0.549910687,-0.996948302
1,1,0.077006648,0.004625472,-0.226566908,1,4.2161529830497155
1,1,0.5675578334148659,-0.332636049,-0.707840416,-1,4.6053441396996355
0.8350335168954095,-0.952263573,-0.360023572,1,-1,-0.55574757,6.115335932185721
0.7313786438260177,0.14229513555295578,1,-0.840279615,-1,-0.051764374,2.3282294483003936
0.6255986363696162,-0.144535577,0.015609758565466134,1,-0.984308714,-0.922259326,6.261241375000507
1,1,1,0.22418876432025858,1,0.7541949995643555,-6.120197751
-0.813932931,0.7499579370785795,0.9440842536430457,-1,-0.079988474,-1,-2.766319935
1,0.46722516260970015,1,1,1,0.1486125659095191,-5.354568034
0.43158758358362265,0.055773112,0.11343880699600206,1,-0.190089377,0.5592071523171751,0.7732610302628256
-0.460847694,0.071302551,0.4067031773725975,1,-0.548066167,-0.926186928,1.6369282544376897
-0.103266057,-0.700716831,0.8717973655788332,0.6391251575508434,-0.356919393,-1,1.9702717232972895
0.8117716833303319,0.35919892863192965,0.528825423,0.293054021,-0.506999016,-1,6.101027689347136
0.3687232993179908,0.5519962233568337,-0.923991369,-0.447859285,0.37669054766044996,0.3075229940795112,0.6746277527249512
-0.562616189,-0.019675339,-0.555800682,-0.951447312,-0.96342815,0.2105670801443197,0.052627909
0.8239554382730166,1,-0.264669158,0.8832515393983092,-1,-0.120061247,5.975069927083262
-0.112147702,-0.21366931,-1,-0.129160228,0.5102859439489327,0.18403659829284424,-0.075407991
0.15749441613268983,1,0.27139854305128597,0.6574755888813578,0.2744088431948122,1,0.6572664414315061
0.23421436601869694,-0.825950064,-1,-0.129985336,0.1687765557110823,0.2231761445607621,-0.947351982
-0.500463956,0.8617146941517504,-0.059252749,-0.281321371,0.13049630224111702,-0.413374186,-0.435358769
-0.290386483,0.3419353331467955,0.8463764599031552,0.1577952810144615,-1,-0.27944511,-1.056472859
-1,-1,-1,-0.489044379,0.7745225086837246,-0.343329748,-3.857516868
-0.449853705,-0.244915515,-0.997269334,0.019189287894823603,0.4144537787821818,-1,5.269960401489963
0.8769653875632237,0.5594625586768075,-0.014098901,0.7279399000117905,-1,-1,7.677243242167739
0.33227099959745576,0.20715020235231646,0.1394096200345099,-0.055447771,1,1,3.754587011082933
1,1,1,1,-1,-0.266476554,5.960282164702096
0.227348959,0.6994872384614876,1,-0.05505302,0.3022254948607408,0.6677237343501279,-1.812552543
0.032978796252095655,-0.933984216,-0.104941596,-0.386881774,-0.433583621,-0.051879837,0.1777143130439586
-0.141030363,-0.184042869,0.14337308164852114,0.6120027824270644,-1,-0.178545048,0.5171607543002891
0.7163378876162836,1,1,1,0.9109164608577422,1,-9.309810706
0.37891842000703435,0.099291873,1,0.1269257919330658,0.5419469568924031,-0.535870744,-0.27400496
-0.084753465,-1,0.078113487,-0.105570459,-0.620028994,-0.912224449,2.7234093125302525
0.051985421016869315,-0.68840455,-0.493652834,-0.725555824,0.22033019012607072,0.41556442853519604,-0.180493456
0.8471764372802926,0.40000520402603246,0.24323077004115867,0.37562052072898333,-1,0.8895260636527311,6.101282303048846
-0.588628104,-0.723265398,0.5470737322044686,-0.500437588,-0.789797047,0.4280341724626151,-1.767745602
-0.90140616,-0.470384152,-0.599105574,-0.209379931,1,1,5.308187346248754
0.720279835,1,0.2197993558000605,-0.251668909,-0.210437275,1,4.447879858748914
1,1,0.2633307994690939,0.056424023284846025,-1,-0.082972391,1.6061170556182267
-0.704810548,-1,0.050622703,-0.298603052,0.19110625428387495,-0.131353385,0.23247762327049415
0.3336907850453751,-0.48913141,0.4956676113999614,-0.75364316,-1,-0.059116337,2.346303019847747
-1,-1,-1,-0.403663328,0.3111402126083864,-0.310929534,-3.93521559
-0.134447476,1,0.5167989022166339,0.6449446420440409,-0.86696658,0.8174692092974665,-0.524435041
1,-0.795371832,0.076675922,-0.476936618,-0.27866771,-0.40171012,3.638560527339945
0.3972191716778609,-0.202363861,0.6269992602496032,-0.425593388,-0.337051051,-0.162654757,0.561581331
-1,-0.990835831,-1,-0.365780556,0.9144300742418449,-0.541499735,-2.033072899
-0.32161224,-0.613962251,0.11243865735987707,1,0.41493066172269993,-1,1.7480996397721196
-0.706430294,0.6504821520152055,-0.666870848,0.5626574674997386,0.10746451322941397,-0.327202686,0.20192706793871823
0.40791769006737655,-0.204787891,-1,-1,1,0.38924277738196356,-0.611335335
-0.826026611,-1,0.2788789289586161,-1,1,0.18803708928715301,1.5861463813076324
-0.41855526,-0.62223986,0.7592611445867424,-0.427974324,-1,-0.717736601,1.3156566650458836
-0.381068626,-1,-0.222990722,-0.882695446,-1,-0.392468791,4.430620758558945
-1,-0.369199204,-0.672296641,-0.91704601,-1,-0.003069111,-1.315197311
-0.431502761,-1,-1,-0.660761795,0.7038924702886428,1,0.576957876
1,1,0.8338863376275982,1,-0.376623019,0.8583794407094585,-0.645769038
0.5037183927288185,0.896402394,0.4786896359273194,1,-0.429138769,-1,5.130586785878088
0.5518398381529176,0.2245015537428812,-0.444863873,0.11329352315069652,1,-1,-1.628900989
-0.097579144,-0.816005596,-1,-1,1,0.3555577145824218,-2.523296809
0.5911985287896689,1,0.647174821,-0.374463858,1,0.2615461403395314,-1.247279036
1,-0.068846554,0.9825602382010339,0.29283921685570125,-0.676913629,1,2.5655734891551107
1,1,0.3878092423408332,-0.502215587,0.41944160013658105,-0.857882559,-0.337400452
-1,-1,-1,-0.40154859,-0.956298982,-0.877524609,-0.197447245
-1,-1,-1,-1,0.16763347618368762,-1,1.8555220526488614
1,0.625923816,0.16791791101897546,-0.298502149,-0.329146641,-1,5.8540383385456884
-0.413909242,0.8568145764230609,-1,0.37638296585982656,-0.891324773,-0.660171218,0.3824784751262429
-1,-1,0.3243187960588094,-1,-1,-1,5.871321941224549
-1,-0.190695422,-1,-0.598792436,0.85284037,1,6.887460013603073
-0.730623418,0.1066960047146851,0.24355057763437155,-0.901665727,-0.573631481,-1,0.37244645982745356
-0.094607396,0.35390439476217506,0.068772685,-0.79887747,1,0.4195551225540428,1.341205222387098
-0.313094188,1,0.8405005742846201,-0.126173481,0.41394011165981026,1,-0.732186059
-1,-1,-0.087398252,-0.221271112,-0.935909565,-0.100593501,-0.860535001
-0.785078215,-0.259900968,-0.75324014,-1,0.3201038643805262,0.38600155644209566,-0.782448354
-1,-1,-1,-0.489246002,0.3495553452415855,-1,3.689437530154451
0.5348444543192342,0.8837020304314563,0.35184636705557293,0.9340233065008687,-0.603884213,-0.057038022,1.2110867312682956
-1,-0.695293708,-0.868306511,0.7968007272074445,-0.27128518,-1,2.221302463923355
-0.161976015,0.4265564964032492,1,0.8209889561140644,0.36569156964603855,1,-2.064671304
-0.975600909,-0.850337231,-1,-1,-0.382648428,-1,3.502409474311381
0.032286234681507375,0.3809387578561185,1,-0.37957821,-1,0.9657175794744868,-0.277807355
1,0.7371961819445879,0.9780656753315474,0.8767547773044052,-0.713688185,0.2828116921272178,1.2823042616508342
-1,-0.558425029,-0.865891397,0.22571082536565784,1,0.016664907,-1.38613741
1,-1,0.964997713,0.7408051098134611,1,-1,-2.274404676
1,-0.14631652,1,0.9686509598151493,-0.826104119,-0.073467344,3.381799659
-1,-1,1,0.1531757123972724,-0.510485041,-0.500571757,2.374288034075276
0.3124919876542099,0.18446995755629714,-0.300269754,-0.673257601,0.1312749611549231,0.4561354622261273,0.3875865847372815
-1,-0.184598831,-1,-0.50275185,-1,-0.313622195,-3.233616662
0.38718798411823707,0.470163535,1,1,1,-0.044829879,-3.607709477
-1,-0.243399737,-1,-1,0.099340322,-1,4.851335547620282
1,-0.200981106,0.4541094436930605,-0.725310423,1,1,-2.095787766
-0.480768258,-0.595587647,-1,-0.009712495,-1,-0.389520434,-3.395481233
-0.205159177,1,0.40586443698363595,1,0.6845219689115256,1,0.2099979111384384
-0.945377319,-1,-0.299497074,-1,0.5922674046336708,0.15716664734297459,-1.024025547
0.5400330451642685,1,1,0.7694577080309177,-1,-0.620734647,1.1670616194227599
-0.290928182,-0.480861965,-0.800356164,-1,-0.058126676,0.5308893682951489,-0.076421606
0.7357250761764645,0.39832808032681255,-0.61182882,0.17354073949377158,1,0.6791825961485554,-0.391510759
0.7011209718435958,0.5322287786651279,0.8885177504194182,-0.559072927,-0.62821832,-1,2.912263462903759
-0.478586897,-0.067077807,1,0.5959338927737315,0.5443118278285173,1,-1.192882988
-0.905691318,-0.088529385,0.8289032041739697,0.4258965496401725,0.25822850421114674,-0.829163498,2.550937230805124
-0.003630002,-0.975831184,-0.61830042,-0.68693862,1,1,0.48758320108044284
0.5085083324140625,-0.538026952,-0.402160007,0.052326707,1,0.20563105712191032,-1.383705728
-0.300434108,-0.965968583,-0.134821542,-0.921174356,-0.705472902,-0.380509666,2.092140486840994
-0.026156506,-1,0.6819735416268738,-0.021426262,0.7113280572027438,0.080296719,1.895228857353011
0.8481020225779095,-0.611328871,0.18797482114420072,0.013304436767929917,1,0.2883008734731265,-2.521417705
0.30552590166540744,-0.580402354,0.44322492789804124,-0.586515988,-0.558478966,0.19637356720132737,0.24177520369935068
-0.261560077,-0.658555441,-0.515383192,-0.091947283,-0.102998598,-1,2.735152200225901
0.9185747827141342,-0.683112781,1,0.18107614975810193,1,0.17389959217244688,-3.515237156
0.6986669907841634,-0.064999312,-0.213312068,-1,1,0.090656915,-0.258287569
0.060532929,-0.758545731,-0.348093197,-1,1,1,2.5135527961096256
-0.024346646,-1,-0.053478078,-0.340476477,-1,-0.481608827,2.963776382467547
-0.278217604,-0.298308369,0.16032893882904822,-0.526406401,-0.396659141,-0.501967236,0.6691689286357675
1,1,-0.05119545,0.41113434470764854,-0.224725389,-1,4.706213485171786
0.048755927,1,1,1,0.9388591944776374,1,-6.048582891
0.10732160223210019,0.8543413224705092,-0.425229846,1,-0.90345684,-0.221477388,2.4769582966701353
0.768546386,-0.25672976,-0.368567624,-0.739267098,-0.601409277,-0.078317232,1.7443927076061514
0.1959154966263343,-0.637998492,0.7571969629070279,-0.859322826,1,1,-2.056446944
-1,-0.819899335,-0.286772871,-1,1,1,2.9410098545343724
0.7924916029697586,0.9870851268274754,0.5647824551348581,1,0.018928366290290183,0.49620886022612676,-1.175922462
1,-0.111245555,0.466884855,1,0.569100063,0.707649022,-2.27855677
0.4159197269729601,0.7616908276098026,0.2924210794156783,-0.164616459,0.47390860864318785,0.915576659,1.8621133542183121
-0.783063669,-0.495990585,0.021850549849647627,0.40577434249786615,0.34473193474470665,1,2.815377051256175
1,1,1,0.8775476414234886,-1,0.9275192259583249,1.6217985323730777
-1,-1,-0.17466945,-0.979219941,0.20441254286760668,0.35148738218862885,-3.14277332
-1,0.186619113,0.7212564657336499,-0.349188342,-0.470599614,-0.169575982,-1.492404499
-0.497144934,-1,-0.727502033,-0.761905706,-0.997111502,0.9434429156591062,3.382519443255604
0.5237950960575853,0.17508479041745373,0.7862380024912735,0.7830769244700455,1,-0.685607827,-0.660262775
-0.201492933,0.5881730221999417,0.5343524237304355,0.2534767571000805,1,0.2536207716649729,0.2931186337989039
-1,-0.568025503,-0.924776604,-0.965832764,0.11882761037875339,-0.403567251,-1.208094342
0.997462424,1,0.699735243,0.15105033270773283,1,-0.573499916,-3.067898703
-0.574874235,-1,0.24746501724682204,0.2367766534866585,0.4691882714777673,0.21338505842393962,0.8061271172669441
-1,-0.720806516,-1,-1,0.23041657126412507,-0.918899609,3.2561971733266075
0.8644927731618529,-0.903404066,-1,-0.79864811,-0.250479454,-0.588909237,2.114310737734456
-0.187739259,0.8849526509210175,-1,-0.809107406,-0.074387042,1,10.449547344597695
-1,0.2803731003590844,0.9886659481566286,-0.900022716,0.42371887788649665,0.6594603533610784,-1.954609386
-0.705962985,-1,-0.638727725,-0.314431015,-1,0.695888582,-1.346231007
1,-0.134924433,0.065108838,1,1,0.009444687,-2.984163944
-0.090611531,1,1,0.1471457547811954,0.4713193515191924,0.5935508590617941,-3.320809782
-1,-1,0.3804365078352353,0.8879145648853147,0.10773683527556349,1,0.6766645512508171
-0.725533823,-1,-0.481204192,-0.525375991,0.15062830055903698,1,-0.883162919
-0.368405829,-0.276953543,-1,-0.67481105,0.49792267535577595,0.5303529425339473,1.2213960404204114
-0.801627987,-1,-1,-0.840255111,-0.900199781,-0.047290249,-2.591256717
1,0.8038393968623023,0.3957786632968301,0.996734314,-0.709361291,-1,9.037042131159508
-1,-0.800491534,-1,-0.353066026,-0.942077971,0.005937461,-4.599257249
-0.093604981,-1,0.17848657971989945,-0.505836971,1,1,1.9079639290476116
0.13046454291735116,0.092321668,-0.565196834,1,0.6528639516068864,-0.465331473,-0.035724288
0.9638748164146353,0.5926317759545832,0.4130333361389279,1,1,0.7168554510926841,-2.801540757
0.8025090518811586,-0.145554648,0.38748821534357153,-0.021629757,-1,-1,6.498191401475009
-0.051727896,0.347244158,0.1294828671967146,0.30613086968329184,0.12116023755478511,-0.241687372,1.0910923213149282
-0.092965536,0.129517148,-0.570702974,-0.33546149,0.2167161493097738,1,4.877768636
-0.594600833,0.33149578260157686,0.24679108078854958,1,1,0.9174531735674154,4.7530268213271025
1,1,1,0.083238687,-1,0.6595785702367066,0.15222488776908494
-0.864913278,0.40149278501980695,0.8355307481854221,0.46620052091443376,-1,0.6075702718248038,-3.962311117
1,1,1,1,1,1,-10.95986992
-0.825777699,0.6309932529592697,0.5267965408677997,-0.024200933,0.008136372,0.20613033624789973,-0.537958908
1,1,0.17594536174530062,0.042859302219141915,-1,-0.545022426,2.966655161630534
0.3813920145350216,0.036881968,-0.946905512,-0.308229033,1,0.23754442315945012,-0.33542723
-0.577971425,-0.245762712,-0.63721338,-0.484400073,1,0.4035017443366231,1.095755542846987
1,0.498008094,0.5437283751760689,1,0.7504143357190702,0.22915429074364535,-3.637093302
1,-0.308443387,-0.267809252,-0.50099649,-0.489370177,-1,6.300680934966316
-0.213593256,0.7621236077337336,-0.355955621,0.6908671786778515,-0.878462475,0.12774280714501712,0.6962187325293281
1,0.35896945083592025,-0.721157941,1,0.5975229803024091,-0.591366088,-2.175215544
0.7079884040442759,0.3933179553049444,-0.250235689,-0.527190761,0.8836246844180016,0.3504420861338605,-1.119036356
0.007515178,-1,-0.971339582,-1,0.9204041127901182,1,-1.02321081
-0.768635157,-0.997891109,1,-0.173300775,0.16375643852289107,-0.062289988,3.435463970764733
0.788039165,0.7327208196783898,-0.474448857,1,0.9992052686713693,-0.809075319,-0.985854678
-1,-0.2532311,-0.143943121,-1,-1,0.4044325861763213,-1.298555595
1,-0.163236237,0.063660166,1,0.3200114128932652,0.24419668146225537,-0.840217297
1,0.47076682193954067,1,1,-0.010915915,0.3907880550336904,-1.857665047
-1,-0.632462898,-0.121704282,-0.699463373,-0.145397709,0.8214999991704257,-1.114546792
-1,-0.941144999,-1,-1,-0.614477951,0.4629405647863145,-5.088460502
-0.668013842,-0.757765755,-0.75014718,-0.034716441,-1,0.7243227328569978,-0.498740953
1,1,-0.331091442,1,0.14202847087583703,0.3417940432529798,1.388415244175877
-0.944271477,-0.42044366,-0.720312015,-0.976092343,-0.48896684,-0.172718645,-1.731080997
-0.556257959,-0.864534011,-0.002135006,-0.905528289,1,-1,7.349400563920453
0.078708437,1,1,0.072580574,-1,0.508836736,-4.013055828
1,-0.131053823,-0.469150589,-0.610370242,0.2613045537833013,-1,2.136219560884169
-1,-1,1,-0.609365678,0.2397907804609971,0.138977284,0.5808790270033926
-0.065840999,0.6048704897762509,0.059375066,-1,-0.48388302,-0.073400208,-0.230128723
0.3576045541002255,0.48060427535674777,1,0.8243170489238761,-0.167005593,-0.036943263,-0.967137694
-1,-0.587557271,-1,-1,0.003274595,-0.355195831,-3.247247609
-1,-0.02292586,-0.471531179,-0.619951929,1,0.14578487302878052,2.868521461627812
-1,-1,-1,-1,0.8361617041582109,0.014357019,-8.504087919
-0.212824189,-0.076630053,0.5481198459062502,-1,-0.68501535,0.2995226880752652,0.12910539112094915
0.30959811414643434,0.4454531024049462,0.9552727107048038,1,-0.586768009,-0.14078948,0.5863176206689724
-1,-1,-1,-0.69334024,-0.037223781,0.3062860582189849,-5.691771283
1,0.9445348701423777,0.083115722,0.029170141425291396,0.094591611,1,3.688175173594744
-1,-0.348457495,-0.895108606,-0.1947086,-1,-1,1.464895950451821
0.7753795405359696,1,1,0.9796484100146587,1,1,-8.681267957
-0.279143675,-1,0.2223152284137822,-0.236717188,-0.578612137,1,0.5262020507051923
-0.460011862,-1,0.006286506,-1,-1,-0.226125823,5.436777622043664
-0.994647153,0.045118833,0.063399806,-1,0.435463397,1,2.8358691403433554
1,0.385260924,-0.687177842,-0.537536348,-1,-0.850070726,5.140653473645497
1,1,0.21582001839981485,-0.155366882,1,0.060697155,-1.296672499
-1,-1,-0.016238629,0.314688198,0.35992313254313735,0.922574844,1.9115153050172844
-0.024713205,-1,-1,0.46149310234292273,-0.57181716,0.059709155,-2.6260394
1,0.15218985389423673,0.8231469780423999,1,1,1,-3.630933869
0.6400059033881855,0.27589194304459985,0.5369264515999908,1,-1,-0.566761848,4.146711430870092
0.1362626288887111,-0.485316453,-0.234454133,-0.100166229,0.4437240055840644,0.074316584,0.34629142729973383
-0.289747265,0.9569085139960312,1,0.2718137275186393,0.10996570974012032,-0.445772288,-1.626640404
-0.693571988,-0.772096775,0.24524017339969217,-1,-1,-1,5.364147660254185
1,1,0.049995047024719796,0.000988992,-0.113482661,-0.348888054,1.6246090468409138
