features,num_features,degree,terms,train_mse,val_mse,train_r2,val_r2
x1,1,1,2,49.82547,50.127081,0.000922,-0.00311
x1,1,2,3,45.686064,47.403438,0.083924,0.051394
x1,1,3,4,45.455804,47.325912,0.088541,0.052945
x1,1,4,5,45.094779,46.855457,0.09578,0.062359
x1,1,5,6,44.893875,46.472632,0.099808,0.07002
x1,1,6,7,44.882318,46.291948,0.10004,0.073636
x1,1,7,8,44.876582,46.335344,0.100155,0.072768
x1,1,8,9,44.836839,46.375604,0.100952,0.071962
x1,1,9,10,44.83589,46.39011,0.100971,0.071672
x1,1,10,11,44.791412,46.230937,0.101863,0.074857
x2,1,1,2,36.57822,40.462648,0.26655,0.190288
x2,1,2,3,35.860504,38.790407,0.280942,0.223752
x2,1,3,4,34.461257,38.162911,0.308999,0.236309
x2,1,4,5,34.461194,38.168896,0.309,0.236189
x2,1,5,6,34.434376,38.221653,0.309538,0.235133
x2,1,6,7,34.371628,38.092671,0.310796,0.237715
x2,1,7,8,34.367211,38.028196,0.310884,0.239005
x2,1,8,9,34.341182,38.137432,0.311406,0.236819
x2,1,9,10,34.3284,38.110687,0.311663,0.237354
x2,1,10,11,34.300283,38.062955,0.312226,0.238309
x3,1,1,2,48.61834,46.660622,0.025127,0.066258
x3,1,2,3,48.613566,46.664397,0.025223,0.066183
x3,1,3,4,47.553444,45.938087,0.04648,0.080717
x3,1,4,5,47.513112,45.993585,0.047289,0.079607
x3,1,5,6,47.341749,46.033513,0.050725,0.078808
x3,1,6,7,47.296155,46.13156,0.051639,0.076846
x3,1,7,8,47.025425,46.352907,0.057068,0.072416
x3,1,8,9,46.98732,46.373609,0.057832,0.072002
x3,1,9,10,46.948236,46.143873,0.058615,0.076599
x3,1,10,11,46.80798,46.977598,0.061428,0.059915
x1_x2,2,1,3,36.461819,40.760124,0.268884,0.184335
x1_x2,2,2,6,25.398325,27.076373,0.490724,0.458165
x1_x2,2,3,10,20.125366,21.908992,0.596455,0.561572
x1_x2,2,4,15,19.042458,20.654675,0.618169,0.586672
x1_x2,2,5,21,18.381886,19.910299,0.631415,0.601568
x1_x2,2,6,28,18.122532,19.407855,0.636615,0.611623
x1_x2,2,7,36,17.977149,19.457935,0.63953,0.610621
x1_x2,2,8,45,17.68925,19.374078,0.645303,0.612299
x1_x2,2,9,55,17.505667,19.290104,0.648984,0.613979
x1_x2,2,10,66,17.260908,18.897165,0.653892,0.621842
x1_x3,2,1,3,48.558245,46.800587,0.026332,0.063457
x1_x3,2,2,6,43.828291,45.973409,0.121175,0.08001
x1_x3,2,3,10,41.576363,42.562659,0.16633,0.148264
x1_x3,2,4,15,36.03608,42.537352,0.277421,0.148771
x1_x3,2,5,21,35.339793,42.075355,0.291383,0.158016
x1_x3,2,6,28,34.456993,42.964805,0.309084,0.140217
x1_x3,2,7,36,34.052042,43.79359,0.317204,0.123631
x1_x3,2,8,45,33.715603,44.043091,0.32395,0.118639
x1_x3,2,9,55,33.36027,44.294037,0.331075,0.113617
x1_x3,2,10,66,32.804315,46.468805,0.342223,0.070097
x2_x3,2,1,3,35.397623,38.3173,0.290223,0.233219
x2_x3,2,2,6,33.378921,36.142289,0.330701,0.276744
x2_x3,2,3,10,24.630266,31.378351,0.506125,0.372077
x2_x3,2,4,15,23.525354,31.946812,0.52828,0.360701
x2_x3,2,5,21,23.182115,32.302034,0.535163,0.353593
x2_x3,2,6,28,23.063747,32.13385,0.537536,0.356959
x2_x3,2,7,36,22.700446,32.116115,0.544821,0.357313
x2_x3,2,8,45,22.538598,32.188444,0.548066,0.355866
x2_x3,2,9,55,22.396431,31.955223,0.550917,0.360533
x2_x3,2,10,66,22.201128,32.537608,0.554833,0.348879
x1_x2_x3,3,1,4,35.260232,38.662476,0.292978,0.226312
x1_x2_x3,3,2,10,22.386656,25.218583,0.551113,0.495342
x1_x2_x3,3,3,20,10.176556,11.545474,0.795944,0.76896
x1_x2_x3,3,4,35,3.235263,3.484721,0.935128,0.930266
x1_x2_x3,3,5,56,1.168703,1.282177,0.976566,0.974342
x1_x2_x3,3,6,84,0.397416,0.633263,0.992031,0.987328
x1_x2_x3,3,7,120,0.212349,0.412277,0.995742,0.99175
x1_x2_x3,3,8,165,0.15759,0.324143,0.99684,0.993513
x1_x2_x3,3,9,220,0.13786,0.388208,0.997236,0.992231
x1_x2_x3,3,10,286,0.122005,0.415699,0.997554,0.991681
